"Course","Description","Co-requisite"
"ACCT2000","An introduction to fundamental accounting principles that include: the accounting cycle, records, classification of accounts, financial statements, accounting aids to internal control; current assets and liabilities; depreciation accounting; payroll accounting; accounting principles; and partnerships.",""
"ACCT2010","An emphasis on the elements of accounting for corporations. Topics covered include: long-term liabilities; statement of cash flows; introduction to manufacturing accounting; and cost-volume profit analysis.",""
"ACCT6001","This course provides an introduction to both financial and managerial accounting, and emphasizes the analysis and evaluation of accounting information from the perspective of both investors as well as managers in the processes of planning, decision-making, and control. This course also introduces elements of managerial accounting and emphasizes the development and use of accounting information for internal decisions.",""
"AL2000","AL 2000 is an introduction to the formal study of language. We investigate the nature of human vs. animal communication and survey subfields of linguistics including the structure of words, sentences, and sound systems. We examine society’s language use in phenomena such as slang, dialects, pidgins, creoles, and language extinction. Additional topics include the process of learning first and second languages, language change, and the relationships between languages. Students develop critical thinking and problem-solving skills through simulations of linguistic fieldwork exercises and responses to their own experiences with language learning.",""
"AL3110","An introductory course in the sound system of English. Topics include: articulatory phonetics, phonetic transcription, sound variation, syllable structure, word and sentence stress, intonation, and phonological rules. The focus is on the pronunciation problems ESOL students might have acquiring English.",""
"AL3140","An introductory course on the analysis of naturally occurring spoken or written discourse. Students will identify patterns of language in use at the discourse level and practice analytical skills on authentic language samples, with the goal of applying discourse analytical findings to language teaching.",""
"AL3500","An introduction to the major theories and issues in the field of second language learning and second language teaching. Topics include first language acquisition, theories of second language acquisition, factors affecting second language acquisition, and learner language. Contemporary perspectives on designing, managing, and assessing language classes will also be covered.",""
"AL3950","Observation experiences in a wide range of language classes. Students may also tutor language learners and assist language teachers in the classroom and/or in co-curricular activities. They meet in periodic seminars, document their observations in a personal log, and reflect on their growing professionalism in a virtual learning community. The course is usually taken one credit at a time over three terms. Repeatable for up to 3 credits.",""
"AL5990","AL 5990 is an introduction to the formal study of language. We investigate the nature of human vs. animal communication and survey subfields of linguistics including the structure of words, sentences, and sound systems, and their relevance to language learning and teaching. We examine society’s language use in phenomena such as slang, dialects, pidgins, creoles, and language extinction. Additional topics include the process of learning first and second languages, language change, and the relationships between languages. Students develop critical thinking and problem-solving skills through simulations of linguistic fieldwork exercises and responses to their own experiences with language learning.",""
"AL6000","The course examines major theories of second language acquisition and covers the key concepts and principles in second language learning, second language teaching, and second language research within the field of Teaching English to Speakers of Other Languages (TESOL). Lesson planning, classroom management, and teacher development are also discussed.",""
"AL6110","An advanced course in English phonology for the prospective teacher of spoken English. Topics include the sound system of North American English; the interaction of the sound system with listening, grammar, and orthography; and methods of teaching and improving pronunciation.",""
"AL6140","This course focuses on the analysis of language use in written texts or in spoken social interaction. Students will learn key concepts related to how language works at the discourse level and develop discourse analytical skills on authentic language samples. They will relate these concepts and analytical skills to the development of communicative competence in language learning and teaching.",""
"AL6710","This course examines both pedagogical and research issues in the teaching of second language speaking and communication processes, communicative competence, language-focused learning, meaning-focused input, meaning-focused output, fluency, syllabus design and lesson planning, and the assessment of listening and speaking skills.",""
"AMST2000","Students explore American culture and values through analyzing primary texts while focusing on a specific theme, topic, historical period, or the experiences of a particular group. The particular emphasis is reflected in the course title and the course may be repeated for credit if the topic changes.",""
"ANTH2000","A general introduction to cultural anthropology. Topics covered include: the nature of culture, basic concepts for analyzing cultural behavior, and consideration of the effects of culture upon the individual and society.",""
"AQUA1200","Students will learn about the interdisciplinary field of aquaculture, which plays a critical role in global food production and aquatic ecosystem conservation. Topics to be covered include water quality, culture systems, nutrition, biology of fish and shrimp culture, and aquatic animal disease. Topics will be integrated into a broader context where students will learn about the role of aquaculture in global food security, human health, and aquatic ecosystem conservation, as well as aspects of operating an aquaculture business. The course will be taught by leading researchers from Oceanic Institute, HPU faculty, and local content experts.",""
"ARTH3321","The art of Japan from earliest times to the nineteenth century. Painting, sculpture, and architecture in light of indigenous ideas and foreign contacts are examined.",""
"ARTS1003","An introductory visual arts course that covers sustainability as it relates to art and design. Artists and designers who consciously implement sustainability practices will be explored, with an attention to historical context and larger cultural meaning. Students also complete basic studio art projects and group projects that relate to sustainability. Lectures and studio demonstrations.",""
"ARTS2010","This course is an introduction to basic drawing techniques. Students will use various media to create form-space relationships through contour line, value, shape, perspective and composition. Emphasis is on developing confidence in observational drawing skills and visual problem solving.",""
"ARTS3000","This course is designed to equip aspiring artists with the essential skills and knowledge needed to thrive in the competitive art world. Students will be guided through the intricacies of building a sustainable art career, exploring such key topics as marketing, financial management, legal considerations, and networking strategies tailored specifically for artists. Students will engage with assigned readings, practical exercises, and case studies. By the end of the course, students will have developed a comprehensive business plan and a personalized strategy for achieving their artistic and entrepreneurial goals. This class will require volunteer activities with community non-profit organizations.",""
"ARTS3020","This course introduces basic painting techniques and pro- vides an introduction to the theory and practice of painting. Students will explore a variety of media, techniques, and concepts that pertain to painting.",""
"BAN6100","Spreadsheet tools like Excel are an essential tool for working with data - whether for data analytics, business, marketing, or research. This course is designed to give you advanced working knowledge of Excel and how to use it to prepare, clean, and analyze data.",""
"BAN6200","This course provides you with the fundamental theories, concepts, ethics, and tools to understand the emerging role of Business Analytics in modern organizations, apply visualization techniques, and communicate with analytics professionals to effectively use and interpret analytic models and results for making better business decisions.",""
"BAN6500","This course combines project management topics with modern methods of software support. You will learn about initiating, planning, executing, monitoring/controlling, and closing processes of predictive project management. You will also learn about Agile project management methodology and related processes.",""
"BAN6550","This course covers methods for the design, implementation, and management of Big Data analytics. It focuses on technologies and modeling methods for large-scale, distributed analytics. Upon successful completion of the course, you will become familiar with the fundamental concepts of Big Data management, recognize challenges, and understand how Big Data impacts Business Analytics, including proposing scalable solutions for organizations.",""
"BIOL1500","An introductory undergraduate course designed to introduce students to the biological sciences. The course will emphasize the nature of biodiversity, the growing threats to biodiversity, and ecologically sound conservation, and resource management practices designed to slow its loss.",""
"BIOL2030","The first semester of a comprehensive introduction to the structure and function of the human body. The course includes topics such as gross body organization and related terminology; review of cell structure and function; and anatomy and physiology of the integumentary, musculoskeletal, nervous, and endocrine systems from the molecular level in cells to the integrated working of the human body.",""
"BIOL2031","Laboratory component of BIOL 2030.",""
"BIOL2032","A continuation of BIOL 2030. The course includes topics such as the circulatory and immune systems, respiration, body fluid balance, urinary system, reproduction and inheritance, and human development.",""
"BIOL2033","Laboratory component of BIOL 2032.",""
"BIOL2050","The first semester of a rigorous introduction to modern biology for students intending to major in the natural sciences. The course includes topics related to biological structure and function, from the molecular level in cells to the integrated metabolic processes of organisms. Mechanisms of heredity and biological evolution are taught as unifying themes in biology.",""
"BIOL2051","Laboratory component of BIOL 2050.",""
"BIOL2170","An introduction to the history of human use of plants as food, medicine, and materials, with emphasis on examples from the Hawaiian Islands. Patterns of cultural interchange promoting the collection and spread of knowledge of plants and their cultivation and use will be examined, as well as prospects for future discoveries from ethnobotanical study of different cultures.",""
"BIOL3010","The unique biota in marine, freshwater, and terrestrial habitats of the Hawaiian Islands: evolutionary history, ecology, and human impacts on Hawaiian ecosystems are focuses.",""
"BIOL3020","The evolution, comparative anatomy, physiology, and life cycles of members of the plant kingdom from algae to flowering plants.",""
"BIOL3034","A course designed to help students understand the major functional systems of the human body. Topics include: organ systems, biochemical interactions of cells and tissues, hormonal control, fluid dynamics and osmotic regulation, development, homeostasis, and pathology. Consideration is given to both classic and recent physiological research.",""
"BIOL3035","The Human Physiology Laboratory course complements BIOL 3034 lecture. The course helps students apply their knowledge by carrying out experiments in basic cellular functions (e.g., osmosis/diffusion), electrophysiology, sensory system physiology, reflexes, muscle physiology, cardiovascular physiology, respiratory physiology, metabolism, endocrinology, reproduction, and embryology.",""
"BIOL3040","An introduction to the structure and function of microorganisms including genetics, metabolism, and comparative studies of prokaryotic and eukaryotic organisms; emphasis is on organisms of clinical significance.",""
"BIOL3041","Laboratory component of BIOL 3040.",""
"BIOL3050","Classical genetics in light of modern advances in molecular biology, including identification and structure of genetic material, its arrangement and transmission, and the molecular studies of genes.",""
"BIOL3070","An examination of the diversity, evolution, comparative morphology, and physiology of fishes. The course surveys marine reptiles, birds, and mammals.",""
"BIOL3071","Laboratory component of BIOL 3070.",""
"BIOL3090","This course provides an introduction to the theory and practice of statistics and focuses on hypothesis testing, experimental design, and the interpretation of statistical results. Course lectures cover summary statistics, normality diagnostics, Z-scores, t-tests, correlation, regression, ANOVA, and ANCOVA. Practical assignments using R software and examples drawn from the biological sciences will augment instruction on statistical principles and methods.",""
"BIOL3170","Principles governing metabolism, reproduction, genetics, and other aspects of biological activity at the cellular level in both prokaryotic and eukaryotic organisms.",""
"BIOL3171","Laboratory component of BIOL 3170.",""
"BIOL4210","Examination of the organization and function of the nervous system at molecular, cellular and systemic levels.",""
"BUS1000","An introduction to the managerial process and the functioning of business. This course integrates findings of the behavioral sciences with classical, quantitative systems, and other approaches to business.",""
"BUS2500","This course is designed for business and economic students. It enables students to learn and apply mathematics skills to a business setting. Topics included review of basic algebra, linear and nonlinear equations, set theory and mathematic proofs, functions of one and many variables, differentiation, single and multivariate optimization, constrained optimization, financial mathematics, linear programing, and business forecasting. Students will not only know the mathematics of these concepts but also be able to apply the concepts to solve business problems and make sound business decisions.",""
"BUS3995","This course is intended for students unable to take an internship, such as those with full-time jobs, military commitments, or international status. This course will provide opportunities to gain practical experience through seminars, business-related competitions, real-world simulations, or academic workshops.",""
"CHEM2050","This is the first of a two-semester course on the fundamental chemical principles for students intending to major in the natural sciences. Chemical topics covered in this course include the atomic-molecular basis of matter, chemical reactions, stoichiometry, thermochemistry, the electronic structure of atoms, element properties, the periodic table, chemical bonding, molecular geometry, and gas laws.",""
"CHEM2051","Laboratory component of CHEM 2050.",""
"CHEM3010","A one-semester organic chemistry course that provides a chemical foundation to understanding biological processes. Organic compounds are built on carbon frameworks and are the principal chemical class in all biological organisms. We will learn what these frameworks look like, how they are bonded and how they are affected by small arrangements of select elements, collectively known as ‘functional groups.’ Paying particular attention to functional groups and their reactions that are pertinent to biology, we will look at alkanes, alkyl halides, acids, bases, carbonyl compounds, and the mechanisms of their reactions. Included in these discussions will be amino acids and proteins.",""
"CHEM3020","Physical and mathematical principles of chemistry. Topics include the first and second laws of thermodynamics, free energy, phase equilibrium, chemical equilibrium, and kinetics (empirical rate laws, Arrhenius equation, reaction mechanics, collision theory, and absolute reaction-rate theory).",""
"CHEM3030","This is the first of a two-semester course on the chemistry of carbon-containing compounds. Organic molecules are the functional components of living organisms, the food we eat, the drugs we take, the clothes we wear, the fuels we burn, and most of the products in our lives. Students learn the basic language and tools for describing organic compounds and their reactions, including curved arrows, resonance, reaction schemes, energy diagrams, and structural drawings. Topics include bonding theories; acid-base chemistry; stereochemistry; and the nomenclature, structure, and reactivity of alkanes, alkenes, alkynes, and alkyl halides. Students also learn the theory, processing, and interpretation of nuclear magnetic resonance (NMR) spectroscopy.",""
"CHEM3031","Laboratory component of CHEM 3030. By applying concepts from the lecture course, students learn to synthesize, purify, analyze, and model organic compounds. Reactions include substitutions, eliminations, esterifications, and additions in order to synthesize aspirin, methylcylohexenes, diphenylacetylene, halobutanes, and methyl eugenol (a fruit fly pheromone). We will also analyze the biological efficacy of student prepared pheromones and statistically evaluate the data. Analytical instrumentation used by each student will include gas chromatography, ultraviolet and infrared spectroscopy (IR), mass spectrometry, and nuclear magnetic resonance (NMR) spectroscopy. These techniques are used to test hypotheses relating to reaction mechanisms, purity, solubility, and biological activities.",""
"CHEM4030","Biochemistry is the study of structure and function of macromolecules, basic biochemical principles, and metabolic and information pathways of living organisms. This course is an introduction to the extensive and rapidly-expanding field of biochemistry. This is the first semester of the two-semester biochemistry sequence that covers the structures of the four major classes of macromolecules and their components, enzymatic kinetics, cell membranes and transport, cell signaling, and catabolism.",""
"CHEM4031","Laboratory component of CHEM 4030. This course provides a hands-on teaching environment to simulate the student research experience and to develop independent laboratory skills. Students will become familiar with basic biochemical laboratory skills, equipment, and reagents while engaging in experiments that focus on the properties and analysis of principal biological macromolecules such as proteins, enzymes, and biological membranes and their building blocks. The students will focus on the process of data collection, and the interpretation and discussion of the experimental results.",""
"CHIN1100","An introduction to written and spoken Mandarin. This is the first semester of a two-semester sequence.",""
"CHIN2100","Conversation, reading, grammar, and introduction to Chinese culture. This is the first semester of a two-semester sequence.",""
"CJ1000","This course looks at the patterns and correlates interpersonal and collective violence using the most contemporary research, theories, and cases. Today violence remains one of the most pressing issues facing not only American society but countries throughout the world. The course looks at a variety of different yet connected forms of violence, which include homicide, assault, rape, domestic violence, robberies, genocide, riots, lynching, and terrorism, among others. While engaging in individual and cooperative projects, students will consider the theoretical causes and explanations of the deviant behavior of infamous criminals that have plagued our American society.",""
"CJ1050","This course is an introductory survey of the American criminal justice system with a view to its social and institutional context and its structure and functioning. The course provides an overview of the foundations and components of the criminal justice system, including (substantive and procedural) criminal law, police, courts, and corrections. The main emphasis will be placed on the criminal justice process and how the various institutions of criminal justice interact. Key issues will be addressed as they arise at different stages of the process, such as the conflict between crime control and due process.",""
"CJ1500","This course explores developments and changes in the practice of criminal justice brought about by technology and crime as well as the rapid technological change in computers and other internet access devices. Specific topics include: cybercrime, overview of the concepts and investigative requirements when dealing with cybersecurity, globalization of cybersecurity investigations, how different cybercrimes are committed, the rapid evolution of technology and its effects on crime, cybercrimes against persons, and criminal justice agencies involved in the investigation and prevention of cybercrimes.",""
"CJ2050","The study of why people break the law, drawing upon classical and contemporary theories from the behavioral sciences. Among topics covered are the nature and types of crimes, victims’ rights, types of punishment, and crime prevention.",""
"CJ3000","The course explores the standards and codes of professional responsibility in various professions and examines the theoretical and philosophical basis of ethics and the standards of professional conduct and leadership applicable to justice and the other agencies. It also explores analysis and evaluation of ethical dilemmas and roles of professional organizations. Emphasis is placed on the interrelated nature of ethics, morality, legal responsibility, and social issues.",""
"CJ3500","The study of criminal lawsuits’ fundamental concepts, evolution, and functioning, using seminal cases and examining the interaction between criminal laws and the U.S. Constitution.",""
"CJ3550","The study of academic theories underlying crime scene investigations and of practical applications of these theories. Topics include historical origins, principles underlying such investigations, and real-life studies of crimes such as homicide, arson, identity theft, white-collar crime, and terrorist attacks.",""
"CJ6750","This course addresses the rights, authority, and limitations confronting criminal justice agencies. The course will examine constitutional law principles such as the Separation of Powers, Federalism, Due Process, Equal Protection, as well as individual privacy rights. As criminal justice professionals, students will be able to understand and apply constitutional law principles in an administrative capacity relating to agency policies, rulemaking, compliances with rules and regulations, agency decisions, employment matters, agency accountability, and judicial review.",""
"CJ6760","This course looks at the fundamentals of crisis management for crisis and hostage negotiators as well the history of crisis management. It covers the elements of a crisis response team, the model of intervention in crisis/hostage negotiations, risk assessment in negotiations, communication in crisis negotiations, guidelines for negotiating with emotionally disturbed or mentally ill individuals, negotiating with suicidal persons, negotiating with special populations (e.g. juveniles, gang members, elderly), crisis negotiations in prisons and correctional facilities, and hostage dynamics.",""
"COM2000","Instruction and practice in the principal modes of public speaking: interpretive reading, informational speech, persuasive speech, debate, and formal presentation with use of aids. Theories of oral communication are introduced, and critiques of presentations are provided.",""
"COM2640","Basic argumentation theory including burden of proof, logical analysis, research, strategies, and tactics of persuasive communication in the context of politics, business, and cultural venues; gathering and weighing evidence, reasoning, case construction, refutation; presentation of public address and debate.",""
"COM3300","An exploration of how culture influences the way we perceive the world, think, value, and behave, and therefore how culture both facilitates and impedes communication. Special emphasis is placed upon cross-cultural communication.",""
"COM3420","Writing of business documents, including reports, letters, and memos required to meet the needs of today’s competitive business world. Research and documentation skills are reviewed. The course also includes units on teamwork, conflict management, interpersonal business communication, and cultural communication and requires individual and team oral presentations.",""
"COM3500","The development of written and oral skills focusing on communication of technical and scientific information to people with and without technical backgrounds.",""
"COM6000","A survey course of communication theories with an emphasis on those that address persuasive methods from the rhetorical and social science perspectives. Theories address interpersonal, media, group, and cultural communication situations. Students will develop skills as critical listeners and writers and become fluent in vocabulary for describing and analyzing persuasive messaging.",""
"COM6050","Focuses on rigorous communication research from the professional perspective, and the best means of presenting that research. Includes training in qualitative methods like textual analysis, survey research, and focus groups, but the primary focus in on quantitative methods such as statistical analysis, audience research, social media scraping, and marketing/advertising data.",""
"COM6460","Students create digital designs and illustrations usable for web and print purposes. Graphic design principles and skills will be taught, as well as use of photography, color, type, etc. Students design such items as advertisements, posters, logos, newsletters, brochures, information graphics, etc.",""
"COM6680","This course explores the history, theories, production practices and ethical considerations of documentary filmmaking. Topics include how documentary filmmaking evolved; close textual analysis of documentary films; ethical issues of the documentary mode; and practical applications, including subject research, narrative development, audio-video production, collaboration, budgeting, producing, and postproduction. The course provides students with the knowledge, insights, and skills needed to research and develop a documentary film project while facilitating the development of one’s cinematic voice and vision. This is a project-based course, and the final outcome includes a documentary pitch package and short film.",""
"CSCI1041","This course gives students tools to be active participants in today’s global culture of digital literacy. Students will learn current technology for acquiring, analyzing, and sharing information; analytical skills to understand, organize, and analyze numeric and graphic data; and communication skills to convey information in a context appropriate to the receiving audience. Readings will initiate discussions of technology issues such as: cybersecurity, addiction to social media, ethics and privacy, and intellectual property issues in a global society. The course is presented in a global context with local details drawn from a variety of countries and cultures.",""
"CSCI1061","Learn to use mobile technologies and non-proprietary apps for your academic and personal productivity and for broadening your information and technology literacy. In a project-based class, you work on realistic projects that focus your critical thinking and computational skills. The course work draws from the unique opportunities offered by mobile technologies to communicate, work collaboratively, and share knowledge. For example, you may use mobile technologies to survey subjects, use charts and spreadsheets to evaluate survey findings, and finally publish your findings in course websites. Readings and discussion will analyze the social impact of an always-on, always-connected world.",""
"CSCI1611","This is a gentle introduction to computer programming with the introductory programming language Python. Programs tell computers, step by step, how to do the amazing things they do, and they can stimulate and help evaluate models of our world. Students will learn problem solving and critical thinking in the framework of computational thought, and they will discuss the impact of technology on society. Topics cover fundamental programming concepts including: variables and data types, conditional and iterative control structures, string handling, functions, and testing. Programs will be compared to Java language versions for students interested in continuing computer science studies.",""
"CSCI1911","An introduction to computer science and computer information systems in preparation to study computer programming and problem solving. Students are introduced to the foundations of algorithms required for intermediate- level problem solving, and programming language elements and environments required to create, compile, and execute high-level language problems.",""
"CSCI2301","An introduction to the theory and applications of discrete mathematics including set theory, functions, zero- and first- order logic, induction, proofs (including direct, by cases, contraposition, contradiction, counterexample), logical inferences, truth tables, sequences, summations, formal counting techniques, number theory, growth of functions and their asymptotic bounds, logarithms, and simple recurrence relations. Sample computer-programming topics include design; pseudocode; sorting, searching and other common algorithms; recursion; tracing; debugging; testing; trees; strings; encryption; and bitwise operations. This course provides foundation material for other courses that require mathematical problem-solving skills.",""
"CSCI2912","An intermediate problem-solving and programming course using the Java programming language. Topics include composite and abstract data structures; GUIs and event-driven programming; inheritance and polymorphism; abstract classes and methods; interfaces; error handling using exceptions; binary files; recursion; and key software engineering practices such as: defensive programming, documentation, code design based on user specification, refinement, and testing. These topics are reinforced through extensive programming assignments. This course builds on CSCI 2911 and provides foundational material for CSCI 2913.",""
"CSCI3050","This class will survey the current state and trajectory of generative models, those used for text, coding, imagery, and music. The underlying learning models and their training regimes will be explored, as well as how they are and can be constructively used in practice. AI is supposed to radically change our lives – students will study the veracity and implications of those claims. Projects may include such topics as language modelling, machine learning, and image processing.",""
"CSCI3101","This course covers the analysis and design of algorithms. Good algorithm design is crucial for software performance. Topics include: efficiency analysis; big-O, omega, and theta notation for asymptotic upper, lower, and tight bounds on algorithm time complexity; recurrence equations; proof by induction and contradiction; brute-force, greedy, and divide-and-conquer algorithms; sorting algorithms including heapsort, mergesort, quicksort; graphs, trees, heaps; breadth and depth-first search; Dijkstra’s shortest-path algorithm; minimum spanning trees, Prim’s algorithm; maximum network flow; dynamic programming; NP-complete problems and the P and NP classes; and the halting problem as an example of a provably unsolvable problem. In-depth programming assignments.",""
"CSCI3106","Students solve and implement advanced programming problems covering a wide range of algorithmic topics. The course is structured around preparation to participate in an annual programming contest conducted by the Association for Computing Machinery (ACM). CSCI 3106 complements CSCI 3101, Algorithms, by providing students with less theoretical, more hands-on problem solving and programming. Topics include: data structures, strings, sorting, arithmetic and algebra, combinatorics, number theory, backtracking, graph algorithms, dynamic programming, grids, and geometry. Repeatable for up to 9 credits",""
"CSCI3131","This course covers basic audio signal processing for music, both theoretical and practical topics. Example uses of the concepts include identification of a song by Shazam, addition of special effects to music, and removal of unwanted noise. This is an application programming course using Python. Although the focus is music applications, the signal-processing topics apply to engineering and other disciplines. Topics include: WAV audio files; sinusoids; programming a song riff; Taylor series; Euler’s formula; discrete Fourier transform (DFT) and inverse DFT, fast Fourier transform (FFT); frequency detection and harmonics; spectrograms. Python libraries include NumPy, math, Matplotlib, SciPy especially scipy.fft.",""
"CSCI3301","An introduction to the design, development, and implementation of database management systems (DBMS). Topics include conceptual data modeling, logical and physical design, the relational model, normalization, SQL and high level language programming, transaction processing and concurrency control, database architecture, data warehouses, and database administration. Upon successful completion of this course the student will be able to design and implement database solutions for future academic or industry projects.",""
"CSCI3601","An introductory course on the design and implementation of operating systems. The course describes concepts of operating systems in terms of functions, structure, and implementation. Topics include process coordination, parallel vs. concurrent processes, deadlocks, memory management, device management, file systems, virtual machines, and network and distributed operating systems. Illustrates concepts with examples from existing operating systems. Concepts reinforced through computer simulations.",""
"CSCI3911","The course teaches software engineering techniques and system analysis methodologies based on the Software Engineering Body of Knowledge (SWEBOK) using Software as a Service (SaaS), Agile development methodologies, and Cloud based applications. This course covers Design Patterns, code version repositories, and open source project software engineering methodologies, critical for every programmer. It also covers systems analysis and business analysis skills of talking to a customer, creating prototypes, and alternative development methodologies.",""
"ECON2010","A general introduction to microeconomics, the study of individual consumers, groups of consumers, and firms. This course examines: demand theory; the theory of the firm; demand for labor; market theory; interaction between markets; and welfare economics.",""
"ECON2015","A general introduction to macroeconomics, the study of the aggregate economy. This course examines: how levels of output, employment, interest rates, and prices in a nation are interrelated; what causes these levels to change; and the use of policy measures to regulate them.",""
"ECON3020","The application of economic theory to managerial practices including both public and private sector management. Various topics revolve around the nature of market structures and the business environment including: barriers to entry, product differentiation, and exclusivity. Topics include: supply and demand analysis, profit maximization in varying market structures, and the role of competition.",""
"ECON3100","A study of the analysis of quantitative data, with special emphasis on the application of statistical methods to economic and business problems.",""
"ECON3430","Economic principles applied to the analysis of contemporary environmental problems and their potential solutions.",""
"ECON6000","Microeconomic and macroeconomic issues relevant to business managers. The course provides the tools necessary for efficient business decision-making and for an understanding of the economic environment in which business enterprises must operate. Topics include market structures, pricing strategies, cost analysis, monetary and fiscal policies, and the open economy.",""
"ED3000","Provide an introduction to the knowledge, skills, and dispositions that characterize the profession of education. Highlights the social, political, legal, historical, philosophical, and curricular foundations of American education. Advisor approval required.",""
"ED3200","An introduction to the scholarship of teaching and learning. Engages teacher candidates in disciplined reflection about teaching and learning. Candidates conduct a literature review; develop a research plan; collect, analyze, and interpret data; and engage in action planning.",""
"ED3300","Provides an introduction to general principles of reflective teaching. Focuses on the recursive process of planning, teaching, assessment of student learning, and reflection on professional practice. Emphasizes strategies for effective classroom management and teaching. Culminates in the delivery of a lesson plan in a school setting.",""
"ED3440","An introduction to teaching strategies that facilitate effective learning experiences in mathematics classes. Major areas of focus include curriculum theory and practice, instructional design, classroom management, assessment of student learning, and reflective teaching.",""
"ED3450","An introduction to teaching strategies that facilitate effective learning experiences in science classes. Major areas of focus include curriculum theory and practice, instructional design, classroom management, assessment of student learning, and reflective teaching.",""
"ED6700","This course provides an overview of the different categories of exceptionality with regard to students with special needs. Candidates will also be introduced to special education law, identification and placement procedures, current delivery systems, and basic philosophies and strategies relating to special education practice in an inclusion environment.",""
"ENG3223","This course explores themes in selected literary texts from various regions of Asia. The particular emphasis varies. Repeatable for a total of six credits when the focus has changed.",""
"ENGB3001","An exploration of thermodynamics applied to biological systems at the macro and cellular levels. Topics include: mass (conversion, balances), cellular function, the three laws of thermodynamics (thermal equilibrium, potential and kinetic energies; energy flow and conversion, heat transfer and work, and entropy), and thermodynamic relations. Students apply fundamental principles for problem-solving in physiological systems.",""
"ENGE2000","Linear electrical circuits and systems, with topics including: energy storage and passive circuit elements, dependent and independent sources, circuit analysis techniques, basic operational amplifiers circuit analysis and feedback, impedance, first and second order circuits, phasors, frequency response, Bode plots, Laplace Transfer and Fourier Series, and magnetically coupled circuits. Students will apply circuit theorems to analyze networks with mixed sources, transient and steady state response of circuits, ac circuits with phasor techniques, and the frequency response of a system and will apply Laplace and Fourier methods for circuit analysis.","ENGE 2001"
"ENGE2001","Application of basic electrical measurement to circuit elements and configurations. Students will use record-and-display instruments during analogue circuit analysis to determine their characteristics and measurements. Students will communicate their findings in laboratory notebooks and reports.","ENGE 2000"
"ENGE3000","An introduction to electrical signals, systems, and signal processing technologies are reviewed. Topics include: description and analysis of systems, mathematical representation of signals, sampling, aliasing, discrete and continuous signal representation, conversion and processing strategies, transforms (Laplace, Fourier, z-), Finite Impulse Response (FIR) filters, Infinite Impulse Response (IIR) filters, spectrum representation. Theory, principles and strategies for problem-solving in signals and systems design will be applied to address real-world challenges. Throughout the course, examples in signal processing are provided both theoretically and in practice with Matlab/Octave, and students will solve related problems with both techniques in class and lab.","ENGE 3001"
"ENGE3001","Signal processing techniques for signal filtering will be applied, including discrete and continuous signal representations, conversion and processing strategies, and transforms. Students will apply related principles and solve related problems in Matlab or Octave.","ENGE 3000"
"ENGR1000","A general introduction to the field of engineering including; basics of engineering components, processes, systems and professional practices. An overview of engineering systems in a range of disciplines, including electrical, mechanical, biomedical and biotechnological, provides foundations for engineering system analysis and problem-solving, in addition to management and industry practice. The subject examines innovations in engineering, as well as application of the Engineering Code of Ethics. The seminar component will involve written and verbal presentations, with individual and team components, on topics within the wider engineering disciplines.",""
"ENGT2100","An introduction to the basic principles (chemical bonding, crystallography, organic & biochemistry of macromolecules, mass and energy transfer) and common biomaterials used in biological and medical systems, in a range of applications. Topics include: biomaterials (metals, polymers, ceramics, and composites) and properties (physical attributes and surface properties).",""
"ENGT3002","This course provides a broad overview of key techniques used in biotechnology, including PCR, CRISPR-Cas9, DNA sequencing, cell culture, molecular cloning, immunofluorescence, flow cytometry, chromatography, electrophoresis, mass spectrometry, NMR spectroscopy, and bioinformatics. Designed for engineers, this course aims to build on cell and molecular biology techniques thereby forming a strong foundational understanding of these essential tools and their applications in both research and industry. The students apply modeling and simulation tools as well as hands on project work.",""
"ENVS1500","The Earth experiences natural disasters as a result of volcanic eruptions, earthquakes, landslides, flooding, storms, drought, and wildfires. These events dramatically impact humanity and the environment. Increasing population and poor land use practices compound the effects of natural disasters. This course is designed for undergraduate students of any major who are interested in understanding natural disasters and how we can minimize the dangers and damages of these events. We will review case histories of recent and historical events, focusing on how forecasting, prediction, warning systems, education, and planning can reduce human vulnerability to natural disasters.",""
"ENVS3002","The course emphasizes the use of the scientific method and the results of scientific study to explore and understand issues of environmental concern. The major objective is the presentation of the human inhabited biosphere as a system amendable to study and scientific understanding.",""
"ENVS3003","Laboratory and field component of ENVS 3002.",""
"ENVS3040","This course provides an introduction to environmental engineering. The fundamental principles of science and engineering will be applied using quantitative analysis of environmental issues. Topics covered include mass and energy balances, risk assessment, water use and treatment, air-, ground- and water-pollution sources, reduction and control, waste management, energy, environmental regulation and ethics.",""
"ENVS4030","The availability of digital geographic information has resulted in a need for professionals in many disciplines to use these data to benefit humanity and nature. This course will provide a practical, hands-on approach to spatial data analysis using Geographical Information Systems (GIS) as applied to the natural sciences or your field of study. The project-based nature of the course will encourage undergraduate students to identify and analyze a spatial problem of their choice.",""
"ENVS4100","A critical analysis of contemporary environmental issues that face society. The course includes formal seminars, informal group discussions, and a comprehensive review paper. Capstone course.",""
"ENVS4400","A critical analysis of recent environmental scientific literature. The course includes formal seminars, informal group discussions, a comprehensive review article, and a research project proposal.",""
"ENVS6010","This course discusses the history of the Earth’s climate from its formation to the present time. Focus will be placed on natural mechanisms that cause large-scale, global climate change, from the long-term to the abrupt, and how anthropogenic climate change fits into this context.",""
"FIN2100","This course provides students with a foundational understanding of personal finance principles and practices. Through readings, interactive discussions, case studies, and practical exercises, students will develop the knowledge and skills to make informed financial decisions.",""
"FIN3000","A survey of finance and introduction to investments. Course units include: financial analysis, forecasting, and valuation; alternative sources of financing, including analysis of debt and equity securities from the viewpoints of both the firm and the investor; and management of current, intermediate, and long-term assets.",""
"FIN3200","Patterns of individual and family earnings; budgeting principles, consumer credit practices, and sources; insurance, savings, investment, and home ownership guidance. The course has been designed to be practical and comprehensive.",""
"FIN3300","A fundamental course in investments. The course features: security analysis and portfolio management, analysis of financial statements, valuation of stocks and fixed-income securities, and the study of efficient diversification and risk-return management.",""
"FIN6400","A course that presents the perspective of the chief financial officer (CFO) and deals with advanced techniques for determining the capital budget and structure, dividend policy, risk analysis, long-term financing decisions, and forecasting. Financial decision-making as an integral, practical component of the leadership and managerial functions within the firm constitutes the major unit of study in this course.",""
"FR1100","An introduction to written and spoken French. This is the first semester of a two-semester sequence.",""
"GEOG1500","This course studies the geography of the world’s major culture regions. Emphasis is placed on the geographic foundations and cultural characteristics, changes, and divisions that provide insight and understanding to current world events and issues.",""
"HAWN1200","An introduction to written and spoken Hawaiian, as well as various aspects of traditional Hawaiian culture. This is the second semester of a two-semester sequence.",""
"HIST1001","This course is an interpretative survey of the development of cultures from prehistoric times to A.D. 1500. Students will analyze the characteristics of human societies, explore how human cultures have interacted with each other over time, and investigate the evolution of global exchange and the ideas, concepts, and phenomena that have connected and divided people across regional boundaries and time.",""
"HIST3650","The History of Oil in the Modern World will explore the rise of oil as a strategic commodity and its influence on world politics and economic systems in the modern period, from its discovery in 1859 to its role in the strategic relationships between the Middle East and other nations today. We will study its uses and the dominance of Western oil companies in its extraction in Russia, the Middle East, Indonesia, Venezuela, Nigeria, and Libya. The role of oil in our daily lives and the global and local impacts of the use of oil will also be examined.",""
"HIST4961","An examination of selected topics in military history; possible topics for the course may include the development of the art of war in Western Europe or the clash between western military methods and those of other regions including the Middle East and Asia. Students will read some of the latest works in military history that show the trends in the “new military history” that emphasizes institutions as well as “battle studies.” Capstone course.",""
"HIST6628","This graduate readings course introduces students to some of the most recent and influential literature on, as well as the major historical themes and controversies regarding, the Second World War. Topics may include: race and ideology, the Holocaust, campaign analyses, military effectiveness, strategic decision-making, operational art, and coalition war-fighting.",""
"HIST6650","This course will explore the history of oil, its growth as a crucial strategic commodity, and questions about whether the current world oil system is sustainable. Students will study the dominance of Western oil companies, the struggle of nations to secure access to oil, and oil sustainability.",""
"HTM3110","A study of the organizational structure and operation of hotels and their various departments. Emphasis is on management concepts and the decision-making process. The course has an international orientation, taking into account variations in human and material resources.",""
"HTM3610","A course that focuses on the resources and variables available in developing a successful marketing strategy in the travel industry, i.e., market research, advertising and promotion, sales techniques, and public relations. The travel industry distribution network and the integrated marketing efforts of the various components of the hotel and travel industry are also addressed.",""
"HUM3900","The presentation of analytical techniques for understanding humanistic works and exercises for developing advanced expository writing skills. Progressively intricate library research projects culminating in a major research paper.",""
"INTR1000","This course introduces students to some of the most important and recent thinking on the new international system. How should we think about this new world that is marked by the integration of globalization and the division of terrorism and genocide? Students will be introduced to several of the major works by well-known thinkers on both previous international systems and new views of what the present and future international system will be. Possible topics explored can include global ideological conflict, the spread of liberalism, the clash of civilizations, imperial systems, the rise of Asia and the decline of the West, etc.",""
"INTR3350","A course that introduces students to the development of universal human rights’ norms in the international system. The seminar examines contemporary debates concerning the universal implementation of human rights; efforts to implement these at the national, regional, and international levels; and the links between human rights and democratization.",""
"JPE1100","An introduction to written and spoken Japanese, as well as Japanese culture. This is the first semester of a two-semester sequence.",""
"JPE2100","Conversation, reading, grammar, and Japanese culture. This is the first semester of a two-semester sequence.",""
"JPE3100","Advanced conversation, reading, grammar, and Japanese culture. This is the first semester of a two-semester sequence.",""
"KOR1100","An introduction to written and spoken contemporary Korean, as well as Korean culture. This is the first semester of a two-semester sequence.",""
"KOR2100","Conversation, reading, grammar, and Korean culture. This is the first semester of a two-semester sequence.",""
"MARS1020","An introduction to working safely and efficiently from a coastal research vessel. Topics include: maritime terminology, positioning, and navigation; basic maritime weather; shipboard sampling; and measurement techniques. The course includes lectures and field sessions aboard the R/V Kaholo. Required for incoming freshmen and strongly recommended for transfer students.",""
"MARS1500","The oceans and atmosphere impact and are impacted by virtually all life on earth, and our knowledge of the diversity and consequences of anthropogenic impacts on these systems is growing steadily. This course will provide a foundation of knowledge on marine biological systems and then discuss how the world oceans and surrounding environments affect and are affected by people from an economic, cultural, and political perspective.",""
"MARS3000","An introduction to geological, physical and chemical oceanography. Topics include: earth history, plate tectonics, geophysics, geochemistry, marine sediments, physical properties of salt water, major and minor components of seawater, ocean-atmosphere interactions, weather and climate, ocean circulation, waves, tides, and coastal oceanography.",""
"MARS3001","Laboratory and field component of MARS 3000. Students will practice making oceanographic measurements and will summarize their findings in scientific reports.",""
"MARS3930","This seminar course is designed to expose undergraduate students to the latest developments and discoveries in Marine Science, by taking advantage of scientific presentations by professionals from inside and outside HPU. In this seminar, students will attend presentations by guest speakers on current marine research and management issues, and will critically evaluate their format and content. Repeatable for up to 3 credits.",""
"MARS4040","Survey of the phylogeny, anatomy, physiology, behavior, and ecology of marine birds, with an emphasis on North Pacific species. The goal of this course is to provide students with the understanding of the ecology of these marine top predators and their role in marine ecosystems. Hands-on activities in the laboratory, field work, and guest lectures by resource managers will augment the course material.",""
"MARS4050","Application of ecological principles and methods to marine habitats are explored. Marine life, including plankton, nekton, neuston, and benthos, are studied in ecological settings from estuaries to the deep sea. Subject matter draws heavily from the original scientific literature. BIOL 3060 is recommended.",""
"MARS4080","Basic physical and mathematical principles applied to ocean dynamics. Topics include: properties of seawater, physical laws and classification of forces, the equation of motion, turbulence, geostrophic flow, wind-driven circulation, thermohaline circulation, waves, and tides.",""
"MARS4100","Coastal communities throughout the world are highly reliant on ocean ecosystems, and threats to ocean resources places at risk the livelihoods, cultures, and economies of coastal people. In this course, students will develop strategies and leadership skills to address the key threats to ocean resources such as land-based pollution, overfishing, and climate change adaptation and will critically examine innovative solutions to these threats. Students will gain a deep understanding of cultural resource management approaches and their application in modern policy contexts, providing a transferable skill set for emerging ocean leaders and professionals.",""
"MARS4210","This course will cover major aspects of marine fisheries including the types of gears and practices used, life histories, the recruitment and population dynamics of harvested species, and the structure and assessment of stocks. An overarching theme will be the effects of fishing and climate variability on the aforementioned dynamics of individual species and fisheries, as well as ecosystems. Ultimately, the course will focus on how such dynamics present management dilemmas and the consequential management solutions to these problems.",""
"MARS6040","Survey of the ecology of seabirds and their role in marine ecosystems, with an emphasis on North Pacific species. Hands-on activities in the laboratory, field work, and guest lectures by resources managers will augment the course material. Students will complete any independent project using observations collected during the course activities.",""
"MARS6050","A graduate course emphasizing ecological interactions of marine organisms with their own and other species and with the physical environment. Designed to survey not only what is known about marine ecology but how that knowledge was acquired, the course strongly emphasizes readings from original scientific literature.",""
"MARS6080","This course provides students with an in-depth survey of marine systems from a physical perspective. Topics include physical and thermodynamic properties of seawater; temperature, salinity, and density distributions; ocean heat budget; ocean effect on climate; geostrophic flow; Ekman balance; potentional vorticity and Sverdrup balance; thermohaline circulation; waves; and tides.",""
"MARS6210","This course will address a marine science branch of great relevance to marine science (MSMS) and global leadership and sustainability (MASUST) students, which has not been part of the HPU curriculum to date. This course will be available to graduate students, and will be offered concurrently with a course designed for undergraduate MARS and ENVS (MARS 4210).",""
"MARS6250","Coastal communities throughout the world are highly reliant on ocean ecosystems. Threats to ocean resources place at risk the livelihoods, cultures, and economies of coastal people. In this course, students will gain a deep understanding of community-based and culturally-informed approaches to marine resource management, their application in modern policy contexts, and their strategies for achieving sustainability. Our focus on Hawai'i and the Pacific region will foster a unique understanding of ocean governance challenges, as students identify innovative solutions to address the key threats to ocean environments, and develop a transferable skill set for emerging ocean leaders and professionals.",""
"MARS6930","This is a seminar course for students in the MSMS program designed to expose graduate students to new developments and discoveries in Marine Science by taking advantage of seminars by professionals from inside and outside HPU. In this seminar, student will attend presentations by guest speakers on current marine research and management issues and will critically evaluate their format and content. Repeatable for up to 2 credits.",""
"MATH1105","An intermediate algebra course connecting the real world to mathematics. Topics include: factoring polynomials and solving equations by factoring, rational expressions and equations; graphing functions; systems of equations; absolute value equations; inequalities; radical expressions and functions; quadratic equations and their graphs; and quadratic formula. Students may enroll concurrently in MATH 1106. The default grade mode for this class is for a letter grade; however, students may elect to take this class on a Credit/No Credit basis upon consultation with the instructor and an academic advisor.",""
"MATH1123","This course provides an introduction to descriptive and inferential statistics. Topics include describing, summarizing, and displaying data; using sample statistics to estimate population parameters; evaluating hypothesis using confidence levels with application to the physical and social sciences; logically drawing conclusions based on statistical procedures; and quantifying the possibility of error and bias.",""
"MATH1130","This course covers mathematical topics that prepare students for higher-level mathematics courses. Topics include: functions and their properties, polynomial and rational functions and their graphs, transformation method of graphing functions, exponential and logarithmic functions and equations, right-triangle trigonometry, an introduction to trigonometric functions and their graphs, solving systems of inequalities, solving systems of equations. Optional topics: matrices, determinants and Cramer’s rule, linear programming, fundamental counting principle, permutations and combinations, and an introduction to probability. Credit may not be earned for MATH 1130 if credit has been granted for MATH 1150 or higher.",""
"MATH1140","This course is a continuation of MATH 1130 and covers further mathematical topics that prepare students for higher level mathematics courses. Course topics include: a complete development of trigonometry including trigonometric functions and their identities; solving trigonometric equations, applications of trigonometry to vectors; polar coordinates, and polar form of complex numbers; rectangular form and polar form of conic sections; matrices and matrix formulation of solution of systems of equations; determinants and Cramer’s rule; introduction to sequences and series; and the binomial theorem. Credit may not be earned for MATH 1140 if credit has been granted for MATH 1150 or higher.",""
"MATH1150","A course for well-qualified students who are prepared to complete the pre-calculus sequence in one semester. The course includes all the topics covered in Pre-Calculus I, MATH 1130, and Pre-Calculus II, MATH 1140, but is presented in one semester. Credit may not be earned for MATH 1150 if credit has been granted for MATH 1130 & MATH 1140.",""
"MATH2214","A course in single variable calculus which emphasizes limit, continuity, derivative, and integral. Primary focus is on the derivative with an introduction to the integral and elementary applications of the integral. Differentiation topics include: chain rule, implicit differentiation, curve sketching, and maxima and minima problems. Integration topics include: fundamental theorem of calculus, method of substitution, area between curves, and volumes of revolution.",""
"MATH2215","A continuation of Calculus I, completing the development of the integral. Integration topics include: integration by parts, trigonometric substitution, method of partial fractions, length of curves, surfaces, and volumes of revolutions. Other topics include: infinite series, tests of convergence; power series, radius of convergence, and Taylor’s series. Other topics may include calculus of conic sections, vector algebra, and scalar and vector product.",""
"MATH2216","A course in calculus of several variables. The course begins with vector algebra, scalar and vector product, and elementary applications of vectors. Emphasis is placed on differentiation and integration of functions of several variables with peripheral focus on limits and continuity. Differentiation topics include: partial derivative, directional derivative, chain rule formula, gradient, maxima and minima problems, Lagrange multipliers, divergence, and curl. Integration topics include: iterated integrals in rectangular, polar, and spherical coordinates; line integrals; Green’s theorem; divergence theorem; and Stoke’s theorem.",""
"MATH3000","An introductory upper division course in proof writing and mathematical logic which covers sentential logic and first order logic and will include the methodology of writing proofs in mathematics and communicating these proofs effectively to an audience. The course will examine logic from both the syntactic and semantic perspectives. Topics include an introduction to proof methods and the deductive calculus, tautologies and validities, the soundness and completeness theorems, translation of English sentences into logic, inference rules such as universal and existential instantiation and generalization, mathematical induction, and the presentation of a theorem with lemmas and corollaries for publication.",""
"MATH3305","Elementary linear algebra with applications in the sciences and to computers and economics. Topics include: systems of linear equations; matrix theory, determinants and eigenvalues; geometry of Euclidean n-space; abstract vector spaces, bases, linear independence, and spanning sets; linear transformations, null space, and range; diagonalization of matrices; eigenvalues and eigenvectors of symmetric matrices; quadratic forms, inner products; and orthonormalization.",""
"MATH3470","This course is an introduction to the mathematical theory of statistics. Topics covered include discrete and continuous distributions, tests of hypotheses, estimation, analysis of variance, regression and correlation, sequential analysis, and rank order statistics.",""
"MATH4470","This course explores applications of differential equations. Topics for this course include application of second order linear equations, series solutions of second order linear equations including Euler equations and Bessel’s equation, partial differential equations and Fourier series including heat equation, wave equation, and Laplace’s equation.",""
"MC1000","This course is an introduction to the practices of mass communicators and provides an overview of the history, rationale, and landscape of the traditional areas of advertising, journalism, and public relations, illustrated by reviews and examples. The course includes strategies, techniques, and applications, including an exploration of specific examples and case studies.",""
"MC2100","Introduction to quantitative and qualitative methods used to study audiences, contents, and effects of mass media. Course content focuses on advertising, journalism, and public relations communication using social science research skills and data analysis. Approaches include content analysis, survey research, focus groups, and other empirical methodologies.",""
"MC3120","A review of the basic structure of today’s news and information practices and basic writing for all media. The course reviews career options and social, legal, technical, and ethical environments in which mass media operate. It distinguishes news from other types of writing and provides instruction and practice in writing designed to enhance student skills and provide opportunities for publication in the digital age.",""
"MC3730","This course introduces students to research, planning, and relationship development with several media outlets and their representatives who are vital to the development of effective long- and short-term strategic communication programs and campaigns. It includes lessons on how to evaluate both advertising and news/editorial media, how to plan a media program, how to develop a media plan, how to work with the various media representatives for purchased space or time, and, in other cases, how to work with editorial staff for placement of public relations material. Includes selected media tours.",""
"MC3900","This course covers the basic requirements of newswriting and reporting for the student run newspaper Kalamalama. This class will include interviewing, outside reporting assignments, covering news events and creating news stories for the online newspaper and its social media channels. Student reporters may repeat the course up to three times for a total of 3 credit hours as an unrestricted, upper division elective.",""
"MGMT2000","A primer for the manager, this course lays out the underlying process for planning, directing, and controlling organizational resources for accomplishing the goals of the firm. This study of the functions of management includes how to develop a plan, how to organize resources of the firm, how to motivate employees to execute organizational initiatives, and how to set up a feedback system.",""
"MGMT3001","This course covers the challenges and rewards associated with managing today’s increasingly diverse workforce. The course begins by tackling the question: “Why does diversity matter?” The course explores how and why stereotyping, prejudice, bias and discrimination continue to be pervasive in global workplaces and marketplaces. Finally, the course explores institutional and individual actions that can be applied to promote social justice and inclusion in the workplace and the marketplace.",""
"MGMT3020","This course introduces the basics of project management in an information systems context. Students will become familiar with the project life cycle and the supporting processes and knowledge areas. Particular emphasis is placed on the foundation principles as well as the latest trends guiding project management in organizations. Students will be introduced to a variety of tools supporting project management.",""
"MGMT3061","This course examines the role of the law and ethical decision making on business ownership and management, and the impact of these business decisions on society at large. Topics focus on ethical doctrines and general business law topics including torts, contracts, consumer law, property law, employment law, environmental law, and international law.",""
"MGMT3300","An introduction to the problems of environment and structure that international managers face. Topics in comparative management and international business operations are covered, and the impact of the multinational firm is analyzed.",""
"MGMT3400","An overview and survey of human resource management and personnel administration. Course topics include: selection, staffing, remuneration, labor relations, training, and development of human resources in organizational environments such as business, government, and not-for- profit agencies.",""
"MGMT4001","One of the capstone courses of the business administration curriculum integrating and building upon the curriculum. The course is designed to guide students in making business policy analyses and decisions through integrating the underlying principles of the functional business areas (finance, human resource management, management theory, etc.) and continuous reappraisal of objectives and policies. The course employs the case method approach in dealing with the larger questions faced by top management. This course should be taken in the student’s final semester in the program. Capstone course.",""
"MGMT6002","This course examines essential aspect of leadership, organizational culture and group dynamics. The seminar surveys various leadership styles, the characteristics, effectiveness and appropriateness of each for different situations. Additionally, the course explore the interaction or organizational culture and leadership on team and organization functioning. Leadership behaviors are analyzed and discussed.",""
"MIS2000","In this hands-on course you will learn to use the tools of a knowledge worker to help you take raw data and transform it into compelling information to be used for business decision making. You will sharpen your analytical and problem-solving skills using spreadsheet and database software. You will also be exposed to the tools and best practices for communicating your information using tables, charts, and graphs. Upon successful completion of this course you will have the basic technical skills to be more productive in your future business courses as well as in an actual business environment.",""
"MIS3000","Information systems are an integral part of all business activities and careers. This course is designed to introduce students to contemporary information systems and demonstrate how these systems are used throughout global organizations. The focus of this course will be on the key components of information systems—people, software, hardware, data, and communication technologies—and how these components can be integrated and managed to create competitive advantage. Through the knowledge of how IS provides a competitive advantage, students will gain an understanding of how information is used in organizations and how IT enables improvement in quality, speed, and agility.",""
"MKTG3000","A general introduction to fundamental marketing principles and policies. Course units include: marketing functions; price policies and controls; trade channels, merchandising, and market research; competitive practices and government regulations; product development; and integration of marketing with other activities of the business enterprise.",""
"MKTG3100","A course that explores how consumers have changed relating to their purchase behaviors and explore trends for the future. Students learn how to design a winning customer behavior survey and analyze the data. Several state-of-the-art techniques, such as internet research, are discussed to apply survey results to increase customer satisfaction and loyalty, and subsequently sales.",""
"MKTG3630","The study of the principles and function of retailing and retail management. The course features analysis of various fundamental problems in retailing, location, and layout; merchandise planning; buying and selling organizations; expense analysis and control; and coordination of store activities.",""
"MKTG6001","The course focuses on formulating and implementing marketing management strategies and policies. It provides a systematic framework about how new technologies will change business with an insistence that strategy drive tactics, and with a measurement mindset.",""
"MULT1100","This course introduces foundational software tools and writing systems used in modern multimedia communication and design. Instruction provides students with the technical know-how and context necessary to proceed in the multimedia program through software tutorials as well as the creation of physical and web-based portfolio material. The use and purpose of the static image, composition, color, fonts, and motion graphics will be explored through in-class instruction and home-based experimentation.",""
"MULT2000","This course provides an overview of the foundational elements of cinema studies, covering the technical, historical, and theoretical aspects of the field. Subjects we will survey include cinematography, editing, production design, primitive and classical cinema, the function of genre, avant-garde, and documentary film. Components emphasized include the language of film studies and the early history of film.",""
"MULT2465","This course provides an introduction to digital video and audio production concepts and techniques. Theory is integrated with practical applications in motion picture analysis, video capture, lighting, audio production, and nonlinear editing. The course focuses on developing visual storytelling skills and fosters individual responsibility for course projects and deliverables in a collaborative environment.",""
"MULT3510","This course covers the history, theory, and practice of digital non-linear editing. It concentrates on both the technical skills needed to produce a competently-edited audio-video program and the aesthetic concerns an editor faces for different types of projects.",""
"MULT3600","Creative Narrative Production will strengthen the student’s cinematic storytelling abilities through the creation of several short digital-video productions and a short screenplay. This class is designed to encourage an organic exploration of storytelling, strengthen trust in one’s own ideas and instincts, and heighten student curiosity about human nature and the world at large. The heart of the course involves exploration of visual language on a practical level while keeping in mind our technical, epochal, and cultural contexts.",""
"MULT3700","This course covers digital audio capture and processing for multiple platforms including radio, cinematic forms, and television. Students learn and practice techniques for recording, editing, mixing, and presenting audio. Areas addressed include: foley, sound effects, interviewing, voice over, and music.",""
"MULT3750","This course covers motion graphics and compositing using Adobe After Effects and other related software. The course instructs students in how to learn to use one’s creativity to produce attention-grabbing, integrated communication design for film, television, and the web. Motion graphics are responsible for many effects found in movie trailers, opening film credits, television commercials, animated network identities, short promos, and advertising of all types.",""
"MULT3780","This course explores the history, theories, production practices and ethical considerations of documentary filmmaking. Topics include how documentary filmmaking evolved; close textual analysis of documentary films; ethical issues of the documentary mode; and practical applications, including subject research, narrative development, camera operations, lens choices, lighting, collaboration, budgeting, producing, and postproduction. The course provides students with the knowledge, insights, and skill set needed to research and develop a documentary film project while facilitating the development of the student’s cinematic voice and vision. This is a project-based course, and the final outcome includes a documentary pitch package and short film.",""
"MUS1000","An introductory exploration of the evolution of Western classical music (WCM) from the Middle Ages to the present in relation to the background of life and art. Major historical movements in WCM are covered as well as the basics of reading western music notation. In addition, the impact and influence of non-western music on WCM will be examined. Field trips will be made to local performing groups.",""
"MUS1400","An introduction to the fundamental workings of tonal music: reading and notating music; rudiments of music theory and terminology; elementary formal analysis; development of aural skills, including interval recognition, sight-singing, and rhythmic, melodic and harmonic dictation. Individual listening lab work required outside of class.",""
"MUS1600","Beginning Hula Performance enables students to develop proficiency in basic hula movements and perform chants and hula of Hawai‘i. Students will express their dance and vocal talents through hula and chant, develop an appreciation for the stories and beloved places of Hawai‘i, and learn about the performance practices and traditions of hula. Performance venues may include campus events and shows for the wider community. Repeatable for up to 8 credits.",""
"MUS4000","Course is designed as an exploration of music topics in music history, music literature, music theory, applied music, music education, and ethnomusicology. The topic will change each time the course is offered. Repeatable for credit (up to 9 credits.)",""
"PADM1000","This course is an introduction to the study of leadership in America. It compares the administrative processes used in private and non-profit organizations and the U.S. government, including the U.S. military. This course introduces students to the theories of leadership and the styles, traits, and myths of leadership including the history, cultures, and ethical basis for good leadership in an American context.",""
"PADM6000","This introduction to public administration and public service provides insights into the theory, practice, and the interdependence and administration of government and nonprofit organizations at the federal, state, and city level. Topics include an introduction to research methodologies, principles and tools required in government budgeting and resource management, public organization theory, and decision-making, interprofessional team-based leadership, an understanding of ethics and accountability as it relates to the public sector, and a summary of the essential principles and issues relating to social, cultural, and legal matters that are relevant to the administration of public service organizations.",""
"PADM6100","This course introduces traditional and contemporary issues in public personnel administration. It examines the historical context and legal rights and responsibilities that public administrators encounter. Various components of personnel administration are covered including recruitment and selection; position management and classification; compensation, performance appraisal, unions and collective bargaining; and employee development.",""
"PH1000","This course introduces students to and familiarizes them with the determinants of various health outcomes, including physical, psychological, social and interpersonal, and environmental health. The course emphasizes personal responsibility, decision-making, and understanding the active ingredients for a long, happy, and healthy life.",""
"PH1200","This course explores how the historical development of human societies led to the creation and evolution of the public health field and how this has altered the course of human history. Students will explore the philosophical and scientific underpinnings of public health and the factors that have shaped the development of modern public health services. The evolution of modern public health structures and functions will be examined within the context of society structure, historical events, and scientific understanding. Concepts of population health, disease control/prevention, disability, and premature death will be examined through discussion of contemporary and historical case studies.",""
"PH2010","Students will critically analyze the history, trends, future outlook, and issues regarding drugs and drug use and misuse, as well as the attitudes, values, policies, and practices of diverse groups, communities, and populations. This course takes a multidisciplinary approach to study the effects of drug use and misuse (e.g., over-the-counter drugs, illicit drugs, tobacco, and alcohol) on human physiology and society. Community and population health promotion are emphasized in this course.",""
"PH3015","This course explores the relationships and dynamics among various components of culture, health, and illness. Focus is placed on understanding the impact of culture on health, health beliefs, and health practices, with emphasis on different multicultural populations. The impacts of societal norms, legal/political factors, and ethical considerations influencing health education, health promotion, program planning/implementation/evaluation, healthcare policies, service delivery, and health disparities are addressed.",""
"PH3020","This course introduces the basic principles and methods of epidemiology, the study of the distribution and determinants of health-related states and events in populations and the application of this study to the control of health problems. Critical thinking, analytic skills, and application to public health practice are emphasized as students engage in active learning bio individual and group activities, project, case studies, discussions, and critical review and analysis of scientific literature. Topics covered include data collection, measurement, presentation, analysis, and interpretation; disease occurrence; descriptive and analytic epidemiology; association and causation; screening; outbreak investigations; epidemiology in policy-making; and special epidemiologic applications.",""
"PH3025","This course explores advanced understandings of human sexuality through a multi-disciplinary approach combining pedagogies, students, and faculty from different departments in the College of Heath and Society. Concentrations will include: 1) bio-medical sexuality: sexual and reproductive health and disease, anatomy, and physiology; 2) psychosexual development: relationships, marriage, and family systems; sexual dysfunction; and trauma; 3) sexuality education and other organizational efforts that impact sexual behavior and health; and 4) sociopolitical issues: sexuality education; historical, legal, political, social, and ethical issues impacting sexuality.",""
"PH3065","An overview of the linkages between the natural and built environment and human health. Topics include specific environmental agents, such as pesticides and mosquito-borne pathogens, as well as important public health arenas, such as water and air quality, waste, and climate change.",""
"PH4010","An overview of the health care system in the United States and its challenges and instruction in the core elements of health policy and analysis including problem definition; background; political, economic, and social landscape; and development of policy options and recommendations. Emphasis will be on major health policy institutions and important issues that intersect these institutions. The key components include the major insurers, Medicare, Medicaid, Congress, and state legislatures. In addition, special focus will be given to the uninsured, quality of care, and long-term care.",""
"PH4030","PH 4030 is the first course in the two-course undergraduate Practicum series and focuses on orienting students to field-based internships, identifying opportunities tailored to individual students interests and needs, preparing the students for internship application procedures (including drafting and revising resumes, cover letters, and introductory emails and practicing interview skills), and contextualizing the internship program as part of a larger career development framework. This course includes guest lectures from local public health professionals on selected topics like networking, community member participation in panel presentations, reviewing student resumes, and mock interviews.",""
"PH4040","Students will learn the purposes of and the processes involved in evidence-based public health research from start to finish. Students will work in teams to identify their own research questions, find and critique existing scientific literature, develop research methods, collect and analyze data, and present their research findings.",""
"PHIL1001","An introductory study of the intellectual traditions of civilizations native to the Asian-Pacific region. Primary attention is on the intellectual traditions of Polynesia, China, and Japan. These are encountered through translated works, oral traditions, secondary sources, and field experiences. Topics include critical understandings of personal and communal identity, value, spirituality, theories of reality, and ways of knowing in Asian-Pacific traditions.",""
"PHIL2500","This course introduces students to a range of moral issues (such as abortion, euthanasia, and gay marriage) which are the subject of social ethics and moral policy in America, as seen through the lenses of indigenous and African-American thought and contemporary American moral philosophers. Students will become acquainted with moral theories and important legal cases. Group Socratic discussion involving critical thinking and the articulation and defense of moral reasoning will be emphasized.",""
"PHIL3301","A study of classical Indian philosophy through yoga philosophy and practice. Emphasis is on reading original texts (e.g., Upanishads, Bhagavad Gita, Yoga Sutra, etc.) in English translation accompanied by secondary source writings and lectures on key philosophical concepts such askarma and rebirth. To demonstrate the relation between yoga practice and philosophical ideas, students will be instructed, to a limited degree, in the practice of meditation and yoga postures when possible.",""
"PHYS2030","The first semester of an algebra-based study of mechanics, thermodynamics, and wave phenomena with an emphasis on problem solving.","PHYS 2031"
"PHYS2031","Laboratory component of PHYS 2030.","PHYS 2030"
"PHYS2050","The first semester of a rigorous, calculus-based study of mechanics, thermodynamics, and wave phenomena with an emphasis on problem solving.","PHYS 2051"
"PHYS2051","Laboratory component of PHYS 2050.","PHYS 2050"
"PSCI1400","An analysis of the American political system. Topics include the central theme of democracy in American politics as well as structural factors including the Constitution, our federal system, media, public opinion, interest groups, and social movements. Additional topics deal with how federal institutions such as the Congress, the presidency, the bureaucracy, and the Supreme Court work. The course looks at federal policy in civil rights and liberties, the economy, social welfare, foreign policy, and national defense.",""
"PSCI2100","This course will introduce students to the field of social scientific research with special emphasis on their roles as consumers of research in their intended majors.",""
"PSCI3401","A course that provides students with immediate understanding and analysis of current political issues, trends, dilemmas, processes, and problems. Students read a variety of approaches to the issues that are the focus of the course, and they become conversant with terminology and philosophies that inform the solutions to topics in American politics.",""
"PSCI3412","A survey of the variety of forces that shape foreign policy for the United States. It highlights major policy problems on the agenda and addresses questions of grand strategy, regional and bilateral relations, and the ways in which domestic forces affect the content of American foreign policy. The course also examines the key institutions and actors involved in foreign policy making, a wide range of recent foreign policy decisions, and the economic and military issues confronting the United States in the early 21st century.",""
"PSCI3500","The course explores how different political systems are formed, maintained, and then change. It examines politics in democratic, democratizing, and authoritarian nations and highlights issues such as governmental systems (parliamentary and presidential systems), types of electoral systems, unitary vs. federal states, political economy, social movements, and political change. It focuses on a broad political analysis of several countries in such regions as Asia, Europe, and the Americas.",""
"PSCI6400","An overview of the foreign and security policies of the People’s Republic of China (PRC) since 1949, emphasizing the post-Cold War period, and its role as a regional power in Asia. The PRC-US relationship will also be explored, with reference to their shared and conflicting interests in Asia.",""
"PSCI6601","A graduate-level seminar that highlights the changing nature of international relations in a new era of globalization and terrorism. The course introduces students to the “classical” study of international relations using the opposing paradigms of modern IR theory: realism and liberalism. It looks at specific theoretical issues (the role of institutions, globalization, terrorism, etc.) through the lens of regions and specific countries. Students explore through research and their own presentations/participation a contemporary conflict.",""
"PSY2100","Provides skills necessary for data analysis in preparation for research methods course and prepares students to analyze and interpret social science research findings. Students study descriptive and inferential statistics and parametric and nonparametric methods. Includes selection of proper statistical measures and techniques and use of popular computerized statistical packages.",""
"PSY2200","Familiarizes students with principal research approaches, including descriptive, correlational, and experimental techniques and the strengths and limitations of each methodology. Includes hands-on experience in the formulation of proper research design, data collection and analysis, and professional communication of results and conclusions.",""
"PSY3140","A liberal arts survey of all aspects of drug abuse including pharmacology, physiology, history, culture, philosophy, and treatment.",""
"PSY3160","This course introduces students to the psychology of music. A survey of topics in this field will include development of musical preferences, emotional responses to music, perception of musical elements, cultural values in music, and music therapy.",""
"PSY3200","Introduces the biological bases of human and nonhuman behavior, with emphasis on underlying physiological mechanisms and on the development, evolution, and function of behavior. Topics include neuroanatomy, neurochemical communication, sensation and perception, learning and memory, motivation, drugs, emotion, movement, sleep, consummatory behavior, reproduction, and abnormal behavior.",""
"PSY3235","A study of cross-cultural differences in perception, motivation, expression, verbal and nonverbal behavior, and values and meaning systems and the implications of these differences for cross-cultural interaction and understanding.",""
"PSY3310","This course will provide a comprehensive overview of the forensic psychological research and the practice of forensic psychology. The student will become familiar with the forensic psychological literature, forensic psychological approaches and techniques in assessment and treatment, and many of the clinical/professional/ethical/legal issues surrounding the practice of forensic psychology.",""
"PSY3350","An introduction to the methods, rationale, and empirical foundations of the field of clinical psychology, including historical roots, conceptual models, professional issues, current controversies, and career options.",""
"PSY3400","Examines the physical, cognitive, emotional, and social development of individuals from birth to death. Theories and research evidence concerning factors such as heredity, early experience, parenting styles, peers, school, societal values, work, retirement, leisure, aging processes, death and bereavement will be assessed in the context of development through the lifespan.",""
"PSY3500","Covers the fundamentals of measurement theory and practice upon which all psychological testing rests. Major topics include: types of measurement, correlation, reliability, validity, test development, and norms. Major individual and group tests of intelligence, personality, aptitude, and interests are examined and evaluated in terms of these concepts.",""
"PSY3600","A study of the etiology, development, manifestations, and treatment of psychological disorders. Psychodynamic, behavioral, humanistic, systems, and cross-cultural theoretical perspectives are used to understand stress and anxiety-based disorders, psychoses, social and personality disorders, and organic and developmental disorders. Normality/abnormality are treated as concepts, as are legal and ethical issues related to deviant behavior.",""
"REL1000","This course offers a secular, interdisciplinary, and comparative approach to the world’s religious traditions. It is designed to foster an understanding of diversity and difference. The focus of the course is on origins. We begin with the oldest conceivably religious artifacts, proceed to some reconstructed oral traditions, and follow with the study of originating religious visions as established in scriptures from the West and the East.",""
"SOC1000","This course will give students an introduction into the academic study of society. We will study the interplay between personal traits and characteristics and large-scale factors that are outside of ourselves, such as the rules that govern society. People who are comfortable thinking about the interplay between self and society have a sociological imagination. By employing the sociological imagination, individuals are able to observe events and social structures that influence behavior, attitudes, and culture. This way of thinking can inform contemporary controversies within American society around inequality, social change, gender, race, and power.",""
"SPAN1100","An introduction to written and spoken Spanish. This is the first semester of a two-semester sequence.",""
"SPAN1200","An introduction to written and spoken Spanish. This is the second semester of a two-semester sequence.",""
"SPAN2100","Conversation, reading, grammar, and introduction to Spanish culture. This is the first semester of a two-semester sequence.",""
"SUST6000","Students will learn to think systematically through the study of the systemic structure and values underlying the modern world view. Alternative, emerging world views focused on sustainable structures will be emphasized. Systems thinking and a systems perspective will be developed through the study of environmental, cultural, and social systems. A critical perspective is emphasized throughout the course.",""
"SUST6001","Increasingly, citizens, civil society institutions, and international governmental organizations are playing crucial roles in environmental and natural resource management. This shift of power away from states, both “upward” to the international level and “downward” to citizens, begs several questions: What roles should the various actors play in these multi-level governance systems in order to ensure the most favorable, and most just, environmental and social outcomes? To what extent can they work together to achieve mutual, or at least mutually-compatible, goals? Is it necessary, even productive, for groups to maintain their own identities and distinct agendas, nurturing not a stifling consensus but a perpetual—yet respectful—debate? This seminar course will engage with these questions.",""
"SUST6005","Students will learn to conduct and evaluate environmental and social science research design, data quality, quality of reasoning, judgments in interpretation of evidence, and alternative interpretations of environmental and sustainability research. Emphasis will be placed on the design and generation of evidence acquired by interview, focus group, field research, and other approaches as used in environmental science and sustainability research. Small research teams will design and conduct a multi-faceted pilot study on some contested environmental or social issue related to sustainability using one or multiples of the following: survey research, action research, environmental impact assessments, environmental audits, case studies, in-depth interviews, focus groups, sustainability audits, organization environmental assessments, and campus sustainability audits.",""
"SUST6500","Ecological economics is a relatively new, trans-disciplinary field that studies the interdependency between the human economy and natural ecosystems. Its premise holds that the economy is a subset of the larger and finite ecosystem that sustains it, such that the unlimited economic growth desired in traditional neoclassical economics is physically impossible. This course will closely examine the emerging field of ecological economics, compare and contrast it with the neoclassical economic model, and relate the underlying principles to current environmental issues, all within the context of the goals of sustainable development.",""
"SUST6600","This colloquium series builds upon core sustainability competencies introduced in MAS UST courses. The seminars develop students' knowledge of emerging sustainability initiatives at the global and local levels, community engagement opportunities and cultural competencies in Hawaii, and opportunities for professional development.",""
"SWRK1010","This course serves as an introduction to the profession of social work through the lens of social sustainability and entrepreneurship. Socially-sustainable communities have systems, structures, and relationships that are equitable, diverse, connected, and democratic, providing quality of life to current and future generations. Social entrepreneurs are leaders seeking to find innovative solutions to social problems. Social work is one of many professions that function as social entrepreneurs in their work with systems of all sizes. Students demonstrate the characteristics of social entrepreneurship by developing innovative strategies to sustainably meet social problems.",""
"SWRK3000","An orientation to the principles and overview of the problem-solving process of generalist social work practice (intake, engagement, data collection, assessment, planning, contracting, intervention, evaluation, termination, and follow-up.)",""
"SWRK3003","This course will employ theories, models, and perspectives to understand individuals, families, and their interpersonal and group relationships, life span development, and well-being, stress, coping, and adaption. This course will emphasize knowledge about individuals and small social systems and the implications of this knowledge for all domains of social work practice. The knowledge presented will include the interrelationships between smaller and larger social systems and, in particular, how biological factors and the larger social and physical environments shape and influence individual and family well-being.",""
"SWRK3300","This course focuses attention on two essential skills of social work: (1) clear, correct, and professionally/legally-sound documentation and (2) integrating the results of social science research into professional practice/practice evaluation.",""
"SWRK3700","This is a special topics seminar providing students with the opportunity to participate in an in-depth exploration of current social problems impacting our society. Each semester the topic will change to focus on a contemporary social issue. Students will participate in class discussions, self-reflections, and oral presentations on contemporary social issues and debates. Course content will vary as set forth in the approved syllabus. Course may be repeatable as content changes.",""
"SWRK4000","A closer examination of the social work skills and methods with families and groups, including diverse/special populations.",""
"SWRK4010","A closer examination of the social work skills and methods with organizations and communities, with special attention to evaluation. This course also serves as a “capstone,” in which students return to the generalist model as a whole.",""
"THEA2320","A course that explores the theory and techniques of acting, with special focus on freeing the imagination and strengthening concentration and observation. This is done through theatre games and exercises, pantomimes, improvisation, short dialogue scenes, and monologues.",""
"THEA3520","Students build on acting and performance skills acquired in Theatre 2320: Acting I. Work includes monologues, scene work, improvisation, and techniques for character creation and development.",""
"THEA3620","Understanding and discovering theater from the director’s point of view and exploring the director’s approach of the written text, production concepts, casting, rehearsal process, and the entire creative environment that leads to performance. Practical application of the theories and techniques are done through students directing actors in scenes from plays. Repeatable for a total of 6 credits.",""
"WRI1051","This lab is a revising and editing workshop which is taken concurrently with WRI 1050. The lab provides additional instruction and practice in critical reading and writing skills and in editing techniques for students needing additional support in these areas of first-year writing courses. In this lab, while working one-on-one or in groups with tutors, students will examine their WRI 1050 assignments and readings, receive guidance through the writing process, review grammar and mechanics, and develop self-editing skills. The emphasis of this lab is to help students gain the confidence and skill needed for them to write well independently.","WRI 1050"
"WRI1100","WRI 1100 provides instruction and practice in college-level writing tasks, emphasizing the writing of arguments and the awareness that argument is the cornerstone of academic writing. Students will develop critical thinking skills and academic writing skills by reading, analyzing, and understanding complex texts. In order to learn how to write college-level arguments, students will refine their writing processes, develop their awareness of audience and rhetorical context, develop information literacy including the effective and proper use of source material, and expand their repertoires of rhetorical strategies and organizational techniques. Note: credit may not be earned for both WRI 1100 and WRI 1150",""
"WRI1101","A writing workshop lab to be taken concurrently with any WC&IL I course. Provides supplementary instruction and practice in critical reading and analysis and in research, writing, and editing techniques for students needing additional support in these areas of first-year writing courses.",""
"WRI1200","This course continues WRI 1100’s focus on argument as the cornerstone of academic writing, emphasizing organization, logical reasoning, and critical thinking. Students prepare a major argumentative research paper by locating and evaluating sources; summarizing, synthesizing, and incorporating them; and attributing ideas to their sources. Note: credit may not be earned for both WRI 1200 and WRI 1250.",""
"WRI1201","This lab is a revising and editing workshop which is taken concurrently with WRI 1200 or any Written Communication and Information Literacy II course. The lab provides additional instruction and practice in written language skills and editing techniques to help students succeed. While working one-on-one or in groups with tutors, students will examine their writing course assignments and readings, receive guidance through the writing and research process, review grammar and mechanics, and develop self-editing skills. The emphasis of this lab is to help students gain the confidence and skill needed for them to write well independently.",""
"WRI3330","A workshop designed to introduce the student of fiction to techniques and concepts such as characterization, plotting, point of view, theme, setting, and tone. The focus of the course is on writing the short story, although other fictional forms may be explored. Markets for fiction and preparing manuscripts for submission are also discussed. This course is conducted as a creative writing workshop.",""
"WRI3391","In this class, students serve as editors for Wanderlust, the student literary magazine of Hawai‘i Pacific University. In addition, students polish their own creative writing skills in order to produce publishable poetry, prose, or drama.",""
"AL1050","Language plays an important role in all areas of human life. In AL 1050, students examine historical and contemporary language use throughout the Pacific Basin, including Hawai⯑i. Through topics such as language and culture, linguistic diversity, linguistic features, language contact, and language loss and preservation, students develop a better understanding of, and appreciation for, the cultural, political, and social issues in the world where they will live, work, and study. (For purposes of transferability, this course satisfies General Education areas such as Social Science, Language and Culture, and Historical Studies content areas.)",""
"AL1100","AL 1100 develops an awareness of language as an important component of culture and communication. Students investigate the relationship between language, power, and identity by (1) examining how political, historical, and social factors that have shaped or challenged language conventions and standards; (2) analyzing how language choices can express unspoken viewpoints and ideologies and influence thought; and (3) studying how language is used to construct identities such as gender, ethnicity, Deaf, and national identity in domestic and global contexts. Through readings, multimedia, field observations, discussions, and writing, students relate these topics to their own language use.",""
"AL3120","An introduction to English grammar for the prospective ESOL instructor. Concepts investigated include parts of speech, grammatical relations, phrases, sentence types, and sentence structure. The focus is on the analysis of problems ESOL students might have acquiring English syntax.",""
"AL3320","An investigation of the relationship between language variation and the following: social class, ethnic group, gender, region, and content. Also discussed are language planning, bilingualism, pidgin/creole languages, and English as a world language. The class focuses on applying the topics above to English language teaching situations.",""
"AL6120","An advanced, practical course in English syntax for the prospective teacher of English, combining a functional with a structural approach to analyze problems commonly experienced by non-native speakers in acquiring English syntax. Also included are pedagogical considerations to deal with these difficulties.",""
"AL6320","Scrutinizing the relationship between language and society, this course applies such findings to the language teaching situation. Topics include variation based on social class, ethnic group, gender, region, and content. Additional topics may include one or more of the following: language planning, bilingualism, pidgin/creole languages, and English as a world language.",""
"AL6720","This course examines pedagogical and research issues in teaching second language reading and writing skills across a range of educational contexts. Topics include first- and second-language literacy, intensive and extensive reading, process- and genre-based theories, building vocabulary and fluency, syllabus design and lesson planning, assessment, and materials selection.",""
"ARTS1000","An introductory visual arts course covering elements of art, principles of design, and the creative process. Major historical movements in art are covered as well as student expressions in various visual media and forms. Lectures and studio demonstrations.",""
"ARTS2150","Introduction to Design is a broad, introductory visual arts course that covers elements of design as it relates to your daily life and to art in general. Major historical movements in design will be covered and major designers will be introduced through an examination of 2D design (graphic design), interiors (product design, furniture design, and interior design), and exteriors (architecture). Students will be exposed to the practice of design through guided projects in basic two-dimensional design and color that emphasize concepts presented in class. Lectures and studio demonstrations.",""
"ARTS3010","This course is an introduction to cultural three-dimensional techniques as well as an introduction to the theory and practice of sculpture. Students will explore a variety of media, techniques, and concepts.",""
"ARTS3030","A course designed to allow the serious student to further develop their drawing skills as an artist and to begin to develop their work more independently. Projects will have an emphasis on expressiveness and originality, using various drawing materials, and explorations of color.",""
"ARTS3051","This course introduces the student to the principles and techniques of photography. It includes an understanding of how cameras work, the history of photography, ethics of photography, photojournalism, and specialized photo-graphic applications. Students must have an adjustable digital camera. Printing and photo editing will be introduced utilizing the latest versions of Photoshop.",""
"ARTS3910","This course will cover rotating topics in art. Course title, content, and prerequisites will vary. May be repeated when title and content have changed.",""
"BAN6600","This course covers the use of scripting languages, such as Python or R, for data analysis and manipulation. You will learn how to import, clean, manipulate, analyze, and visualize data using scripting languages. Upon completion of this course, you will have an understanding of the use of scripting languages for data analysis and be equipped with a valuable and in-demand skill for your future career.",""
"BAN6910","This special topics course addresses specialized and contemporary issues within the Business Analytics field of study.",""
"BIOL1000","An introductory survey of the major areas of the biological sciences designed to equip students with information enabling them to make rational, informed decisions about biologically relevant issues. The course includes topics such as cell structure and function, metabolism, mitosis and meiosis, protein synthesis, evolution, animal diversity, anatomy and physiology, ecology, and conservation biology.",""
"BIOL2041","As a foundation course for many healthcare disciplines, the laboratory experience endeavors to illustrate and apply the principles of microbiology and sterile technique. This course should be taken concurrently or following BIOL 2040. It will meet every other week in the lab to perform microscopy, isolations, and plating illustrating the lecture material. The opposite weeks, the course will meet in the classroom to take quizzes and review and analyze laboratory-acquired data, with a focus on scientific writing for laboratory reports.",""
"BIOL2052","A continuation of BIOL 2050. The course covers the history and diversity of life in all its major forms, the principles of anatomy and physiology of plants and animals, and the ecological contexts and constraints that sustain life.",""
"BIOL2053","Laboratory component of BIOL 2052.",""
"BIOL3030","Vertebrate and invertebrate mechanisms regarding gas exchange; food and energy metabolism; temperature, salt, water, and nitrogen regulation; bodily coordination, integration and information processing; adaptation to environment is emphasized.",""
"BIOL3031","Laboratory component of BIOL 3030.",""
"BIOL3036","Human Anatomy is an advanced introduction to basic gross anatomy from both a systems and regional approach. Topics include medical imaging and some common pathological conditions. This course complements BIOL 3034 Human Physiology.",""
"BIOL3037","The Human Anatomy Laboratory course complements BIOL 3036 lecture. This course will enhance students learning and understanding of human anatomy by providing hands-on exercises and activities to explore human anatomy. The course will cover both gross anatomy and histology and utilize various learning tools including microscopy and dissection.",""
"BIOL3054","Current theories of the genetic basis of evolution, emphasizing the roles of isolation, migration and vicariance, adaptation, and natural selection in the phylogenetic history and distribution of prokaryotic and eukaryotic organisms.",""
"BIOL3060","An evolutionary perspective emphasizing functional morphology and life histories of marine, freshwater, and terrestrial invertebrates.",""
"BIOL3061","Laboratory component of BIOL 3060.",""
"BIOL3080","A study of the adaptive structure and function at the individual, population, community, and ecosystem levels; theoretical and experimental studies pertaining to the distribution and abundance of marine, freshwater, and terrestrial organisms.",""
"BIOL3081","Laboratory component of BIOL 3080. An introduction to the collection and analysis of data pertaining to the distribution and abundance of organisms, and the writing of scientific papers. Includes the critical reading and evaluation of the scientific literature.",""
"BIOL3940","Repeatable for an additional 3 credits if topic differs. This is a seminar course for Biology-Human Health and Pre-Health Professions students. Guest speakers will present and discuss current topics in health to expose students to various complex topics in healthcare.",""
"BIOL4040","General microbiological principles emphasizing the nature of the microbial world; microbial metabolism; and energetics, microbial diversity, population interactions, and human interactions. Emphasis is on the importance of micro-organisms in the biosphere.",""
"BIOL4220","An examination of immune system organization and function at molecular, cellular, and systemic levels. Evolution and development of individual immunity, the role of the immune system in defense and disease, immune system dysfunction, and immunotherapeutic approaches to cancer and other diseases are among the topics that will be addressed.",""
"BIOL4960","A senior capstone experience in the Biology Conservation, Ecology, and Evolution concentration, where students apply their knowledge of Hawaiian natural history, and ecological and evolutionary theory and methods to develop and present a hypothesis-based proposal on ecosystem management. Islands are living laboratories for study of evolutionary and biogeographic processes, but these natural systems show signs of severe degradation due to human actions. Using scientific literature, case studies, and field trips to management sites, students will be able to discuss strategies, trade-offs, and impacts of these real-life conservation efforts.",""
"CHEM1000","An introductory survey of chemistry designed to equip students with information that will enable them to make rational, informed decisions about chemically relevant issues. Includes fundamental chemical principles as well as applications of chemical knowledge and the interactions between chemistry and society.",""
"CHEM1020","A one-semester introduction to chemistry for students with a major or minor in environmental studies. The course will stress basic chemistry with applications that relate to the environment and set chemistry in its political, economic, social, and ethical context.",""
"CHEM1021","Laboratory component of CHEM 1020. This course will introduce and develop principles of quantitative and qualitative techniques and safety awareness and appropriate safety precautions. Laboratory experiments will be related to material covered in lecture and/or experimental techniques that are valuable tools for chemists.",""
"CHEM2052","Continuation of CHEM 2050. Chemical topics covered in this course include intermolecular forces, the structure of solids, solution properties, chemical kinetics and equilibrium, acid-base equilibrium, thermodynamics, and electrochemistry",""
"CHEM2053","Laboratory component of CHEM 2052.",""
"CHEM3022","Physical and mathematical principles of chemistry. Topics include: quantum mechanics (atomic orbitals, molecular orbitals, quantization of rotational and vibrational motions, and principles of molecular spectroscopy) and statistical thermodynamics (equipartition of energy, statistical distribution of matter and energy, Boltzmann distribution, and ensembles).",""
"CHEM3023","Laboratory component of Physical Chemistry. Exercises are designed to reinforce concepts learned in CHEM 3020 and 3022, including topics from classical thermodynamics, kinetics, and molecular spectroscopy.",""
"CHEM3032","Continuation of CHEM 3030. Building on basic skills and concepts from the first semester, students learn the nomenclature, structure, and reactivity of alcohols, ethers, epoxides, conjugated alkenes, aromatic compounds, aldehydes, ketones, carboxylic acids, esters, amides, acid halides, and amines. Emphasis is given to reaction mechanisms, three-dimensional aspects of organic reactions, and multi-step syntheses of organic molecules. Students also learn the theory and interpretation of mass spectrometry and infrared spectroscopy while expanding their knowledge of magnetic resonance spectroscopy. Students learn to integrate this data to determine the structures of organic compounds.",""
"CHEM3033","Laboratory component of CHEM 3032. This course will continue to develop the synthesis, purification, and instrumentation techniques and skills required to: conduct a modernized oxidation reaction (IBX), an air and moisture sensitive organometalics reaction (Grignard), and an asymmetric reduction reaction. Students will use new instruments, including the polarimeter and liquid chromatography-mass spectrometry. Students will learn how to critically read current literature articles and formally present them to the class. Finally, students will cap their organic laboratory education with a 5-week project to uncover the identity of 2 assigned unknown compounds using qualitative chemical tests and instrumentation.",""
"CHEM4032","This course is the second half of a two-semester survey of the vast and growing field of biochemistry. Topics include biosynthesis of the four macromolecules with focus on nucleic acids and protein biosynthesis and the regulation and expression of genes. Students will practice scientific writing and oral presentation of scientific literature.",""
"CHEM4033","This course serves as the laboratory component of the associated lecture course CHEM 4032. It will enhance the student research experience and guide students in developing independent laboratory skills. Unlike a conventional laboratory course, this class is project-oriented. Students will design their own project. Students will take charge of every aspect of their research project, starting with a literature search, drafting a proposal, designing experiments, collecting and analyzing data, and culminating with writing a final research report in manuscript form. The instructor will provide guidance and have discussions with students. Students will report their results in the capstone symposium.",""
"CHIN1200","An introduction to written and spoken Mandarin. This is the second semester of a two-semester sequence.",""
"CHIN2200","Conversation, reading, grammar, and introduction to Chinese culture. This is the second semester of a two-semester sequence.",""
"CJ2060","An overview of civil and criminal justice systems, processes, and personnel in the U.S. The course examines the processing of individuals through the civil and criminal justice system as well as the functions of investigators, prosecutors, plaintiffs’ attorneys, defense counsel, judges, and court personnel within the criminal justice system.",""
"CJ3320","A close consideration of civil and criminal law remedies used to “correct” behavior of wrong-doers in the community. Included are tort liability lawsuits, civil damages, community services, criminal restitution, probation, imprisonment, use of halfway houses, and parole.",""
"CJ3520","The study of the policies and practices of the judicial system relating to the pressing social problem of drug abuse. The course presents a historical perspective of drug and substance abuse in the U.S. and an examination of the community’s response to this problem. Students become acquainted with new civil penalties calling for the forfeiture of property and with the use of noncriminal treatment programs for drug abuse.",""
"COM1000","Building on communication theory, students reflect and collaborate to develop strategies for effectively dealing with relevant interpersonal challenges, including academic, relationship, employment, and intercultural communication. Public speaking and team communication skills are introduced and practiced to prepare students for success in their college and subsequent professional life. Activities intended to heighten awareness of self, others, context and career “realities” support students in identifying (or confirming) their major, thereby reducing uncertainty and frustration in the critical first year. Intended outcomes include significant growth in self-awareness and confidence as a result of increased competence in critical thinking and interpersonal communication.",""
"COM3000","An examination of the development of mass media and consideration of its interaction with technology. The course features specific media and considers contemporary research search findings regarding the effects of media upon attitudes and behavior. Media strategies, messages, outcomes, and campaigns are all covered.",""
"COM3320","An exploration of how persuasion influences us through the mass media, public relations, marketing, advertising, and culture.",""
"COM3440","An advanced course in public address that combines theory of rhetoric with application and experiential learning. Students evaluate various types of public speeches, present a broad spectrum of speeches, and critically evaluate reasoning and evidence.",""
"CSCI1066","Students will learn the concepts, applications, and societal impacts of artificial intelligence, while also examining legal and ethical issues, bias, and responsible use of AI tools. Through hands-on activities, students will use contemporary AI tools to generate and revise text, images, audio, video, and other forms of content. Open to students from any major, the course will be especially relevant to those interested in applying AI to creative work, storytelling, communication, productivity, and emerging technologies.",""
"CSCI2911","The fundamentals of algorithmic problem solving, plus structured and object-oriented programming using the Java language. Topics include problem analysis and decomposition; stepwise refinement; pseudocode and charting techniques; basic control structures and data types; regular expressions and data validation; modularization and parameter passing; object-oriented design and classes; ASCII text files; arrays and ArrayLists; testing and debugging. CSCI 2916 lab reinforces these topics with extensive programming assignments.",""
"CSCI2913","Third course of the core problem-solving and programming sequence for computer science majors. Students advance problem-solving and programming skills by learning to separate solutions for computation problems into two fundamental parts: algorithm and data structure. Extensive programming assignments to create, implement, use, and modify programs that manipulate standard data structures. Topics include: abstract data types, big-O complexity, linked lists, stacks, queues, trees, binary search trees, heaps, heapsort, hashing, and recursion.",""
"CSCI2916","Lab component to accompany CSCI 2911. This course will provide directed lab projects for students to exercise and to reinforce their understanding of the content of CSCI 2911 and to develop their skills in creating and debugging computer programs.",""
"CSCI3211","An overview of the systems development life cycle with emphasis on techniques and tools of system specifications. The course covers the strategies and techniques of modern systems development.",""
"CSCI3401","An introduction to fundamental concepts in the design and implementation of computer communication networks, their protocols, and applications. Topics to be covered include: overview of network architectures, applications (HTTP, FTP, SMTP, POP3), network programming interfaces (e.g., sockets), transport (TCP, UDP), flow control, congestion control, IP, routing, data link protocols, error detection/correction, multiple access, LAN, Ethernet, wireless networks, and cloud/edge computing.",""
"CSCI3501","A computer is regarded as a hierarchy of levels, each one performing a well-defined function. This course provides detailed coverage of the digital logic, micro-architecture, and instruction-set architecture levels. Students are required to implement a simulator for a microprogrammed computer architecture using a contemporary high-level object-oriented programming language.",""
"ECON3400","An advanced economics and finance course surveying topics in international trade and finance. Topics include: international trade theories; impacts of free trade, tariffs, quotas, and exchange controls; foreign exchange markets; balance of payments; and international monetary arrangements.",""
"ED3100","An overview of the major concepts, principles, theories, and research related to the growth and development of children and young adolescents so that teacher candidates may construct learning opportunities that support the intellectual, psychological, and social development of diverse learners.",""
"ED3310","This course utilizes culturally responsive principles of teaching and learning, expert guest speakers from the Hawaiian community, guided reflection, critical discourse, and the practical application of the Nā Honua Mauli Ola Hawaiian Cultural Pathways for Healthy and Responsive Learning Environments to the design of a culture-based unit plan. Participants in this course experience the land, history, culture, and language of Hawai‘i to develop pedagogical practices that support the learning and well-being of Hawai‘i’s children.",""
"ED3421","This course further expands on the processes of reading, writing, and oral communication development, emphasizing methods, strategies, and materials for teaching literacy skills in elementary (K-6) education. More in-depth focus on curriculum theory and practice, instructional design, assessment of student learning, and reflective teaching will be provided. Examination will be given to the benefits of a reading, writing, and oral communication integrated skills approach for overall effective student learning.",""
"ED3430","An introduction to teaching strategies that facilitate an effective learning experience for English Language Learners. Major areas of focus include curriculum theory and practice, instructional design, classroom and lab management, and assessment techniques.",""
"ED3600","An overview of the different categories of exceptionality, special education law, identification and placement procedures, current delivery systems, and basic philosophies and strategies relating to special education practice in an inclusion environment.",""
"ED6420","An introduction to teaching strategies that facilitate an effective learning experience in English classes. Major areas of focus include curriculum theory and practice, instructional design, classroom and lab management, and assessment techniques.",""
"ENG2000","This course will introduce students to multiple ways of interpreting literature, selected from a variety of literary genres such as poetry, drama, fiction, and creative nonfiction. Texts to be explored will be drawn from multiple cultures and time periods. In addition to studying and applying interpretative strategies, students will have opportunities to apply literary techniques by writing a creative piece in at least one of the genres studied.",""
"ENG2100","English 2100 introduces critical interpretation, analysis, and composition of a variety of texts – literary, dramatic, and cinematic. Emphasizing the multiple perspectives that writers and readers use in composing and interpreting texts, the course introduces students to a range of literary terms, concepts, and interpretive theories and to the study of English and cultural studies. The course also explores potential career opportunities for those trained in skills of critical analysis (including but not limited to Writing minors, English majors and minors, and Film Studies minors).",""
"ENG3122","Students will study selected American literature in several genres, with a primary emphasis on texts from the 19th century.",""
"ENG3250","This course examines the concept of gender in relation to texts. The particular emphasis varies. Students may analyze texts by writers of a particular gender or sexual orientation, representations of femininity and masculinity, or social constructions of gender in and by texts. Repeatable for a total of six credits when the focus has changed.",""
"ENG4100","A critical study of Shakespeare, taking into account the cultural, historical, and literary context in which he wrote. Several plays are studies, along with selected critical approaches. Capstone Course.",""
"ENGB2000","Model and solve problems related to human performance and loading of the musculoskeletal system during functional activities by application of static, dynamic, and hybrid approaches. Topics include: human tissue (soft and hard) modeling; loading and evaluation; force analysis in the joints and muscles; gait analysis and postural stability; task performance; and prosthetic device design, modeling, and challenges for their interaction with biological tissues. Students will apply problem-solving and critical analysis throughout the course in the range of topics toward applying a systems approach for interaction of humans with their environment.",""
"ENGR1500","This course gives students the opportunity to advance their professional development as Engineers. Students will have the option to work together with their Engineering peer mentors or the Engineering faculty to learn technical knowledge and know-hows as needed. The premise is to expose students to the Engineering design process early in the program to foster creative and innovative thinking while gaining technical knowledge. The students will be required to submit a short report (1-page max). The course is taken typically during the Freshmen year in the program. Repeatable for up to 2 credits.",""
"ENGR2500","This course gives students the opportunity to advance their professional development as Engineers. Students will have the option to work together with their Engineering peer mentors or the Engineering faculty to learn and apply technical knowledge and know-hows as needed. The premise is to expose students to, and engage students in, the Engineering design process early in the program to foster creative and innovative thinking while gaining technical knowledge. The students will be required to submit a short report (1-page max). The course is taken typically during the Sophomore year in the program. Repeatable for up to 2 credits.",""
"ENGT3100","This course will focus on advanced activity-based learning of host-biomaterial interactions and cover the criteria for development of a biocompatible material with emphasis on clinical/industrial relevance. The process of material selection for biocompatibility will be introduced by considering immunological responses, cell and tissue interaction, toxicity, and safety. Failure analysis and performance testing will be discussed. Students will work in teams to develop and analyze biomaterials used in various medical/industrial applications and to prepare scientific reports.",""
"ENGT3200","An introduction to biotechnology and an examination of various bioprocesses: from cell culture and downstream process development to scale-up and manufacturing processes. Topics include: DNA, proteins, immunology, microbial biotechnology, plant biotechnology, animal biotechnology, marine biotechnology, genomics, medical biotechnology, regulations, engineering calculations and material balances, energy balances, fluid flow and mixing, heat and mass transfer, and reactions and reactors. Students examine concepts in biotechnology and bioprocess engineering, applying engineering principles to solve related problems.",""
"ENVS1000","What is sustainability and what challenges are we facing now and in the future? What is my impact and what can I do about it? In the course, students will learn about the “three-legged stool” (economic, environmental, and social) of sustainability and how to use systems thinking to better understand the complex natural and human systems we rely upon for food, water, energy, business, etc. Students will “take the sustainability challenge” and measure their own current impacts and compare them to their impacts after taking actions to be more sustainable. The collective results will then be used to propose action plans to inspire others on campus and in the broader community to do the same.",""
"ENVS2000","An introduction to the analysis of environmental problems from a scientific perspective using fundamental principles from the biological and physical sciences.",""
"ENVS2001","Laboratory and field component of ENVS 2000.",""
"ENVS3010","Methods of assessing and predicting physical, chemical, biological, social, and economic impacts on the environment resulting from human activities. The course includes preparation and review of environmental impact reports.",""
"ENVS3020","Students will examine the environmental-policy-making process from different points of view, whether as an environmental scientist or citizen activist, at different government levels (city, state, or federal) and across different media (air, water, and waste). Students will gain a practical understanding of existing environmental policies as well as the process by which new environmental policies are proposed, designed, implemented, and evaluated. An understanding of the process helps students to identify opportunities to advocate for environmental change.",""
"ENVS3030","Natural and human-induced variability and change in the earth environment on a global scale. Interactions among lithosphere, atmosphere, hydrosphere, ecosphere, and the human dimension of global change.",""
"ENVS3200","This course introduces the fundamental principles of solar energy and photovoltaic systems design. It includes the design of a safe, code-compliant photovoltaic system and preparation of permit-quality technical drawings. The course provides the skills suitable for a supervised, entry-level position in the photovoltaic industry, as specified by the North American Board of Certified Energy Practitioners (NABCEP).",""
"ENVS3400","Water is critical for the survival of human civilization, and water resource issues have important consequences for human health, food systems, energy, and society. This course will explore the mechanics, distribution, timing, availability and management of water resources. Aspects of the hydrologic cycle, surface and groundwater hydrology, and water quality and treatment will be investigated, along with examination of water rights, laws and current and emerging trends in water resource monitoring, development, and technology.",""
"ENVS4000","This course will present advanced analytical technologies current in real world applications of environmental science. Computer-driven data analysis, modeling, and presentation technology have become vital to the understanding and reporting of problems and issues that constitute today’s applications of environmental science. This course will present specific applications in a hands-on approach.",""
"ENVS4001","Laboratory component of ENVS 4000.",""
"ENVS4060","Geographic Information Systems (GIS) provide tools for quantifying and describing spatial data to answer research and management questions. In this course students will use ArcGIS to describe the distribution of features, and to discern patterns and measure relationships among these features. Topics include the use of raster GIS tools for natural resource modeling and environmental analysis; the raster structure and its advantages and limitations; appropriate data and procedure; simple raster surface modeling and image integration; map algebra concepts using ArcGIS Spatial Analyst; proximity and dispersion modeling; cost surfaces and many of the vector-based analytical tools and techniques available within ArcGIS.",""
"ENVS4070","Industrial Ecology (IE) is the systematic study of how materials and energy flow within our current linear industrial production systems and interact with the environment and human communities. IE seeks to redesign those conventional systems and move towards more circular, regenerative ones, by providing the framework to explore a wide array of novel ideas such as circular economy, zero waste, industrial symbiosis, life cycle analysis, biomimicry, and cradle-to-cradle design. By comparing and contrasting these principles against traditional industrial practices, student gain a better understanding of how to shift to more sustainable, equitable, and environmental benign management systems.",""
"FIN3400","A course on obtaining short-term funds and investing cash in marketable securities in the money markets; rating reviews in connection with the sale of bonds and preferred stock through private placement, negotiated, or competitive public offering; and selling common stock through direct or rights offering. Detailed steps and complete example in selling fixed income securities and selling common stock.",""
"FIN6001","This course provides students with fundamental financial knowledge using a case-based approach. Complex financial decisions in the new age of accelerated technological growth will be analyzed. Topics to be covered include project evaluation, security pricing, cost of capital, capital structure, financial planning, and innovations in the financial services industry.",""
"FR1200","An introduction to written and spoken French. This is the second semester of a two-semester sequence.",""
"FR2200","Conversation, reading, grammar, and introduction to French culture. This is the second semester of a two-semester sequence.",""
"GEOG2000","GEOG 2000 introduces students to critical thinking from a human geography perspective. Students engage this perspective through innovative assignments using Google Earth and other media, as well as through a final project that emphasizes a multi-methodology approach to the study of urban place. This class is intended to introduce students to a uniquely geographic way of understanding the world and, more importantly, it is intended to serve as a foundation for all future studies and professional endeavors.",""
"GEOG3700","The course explores urban sustainability from an historical, social, and environmental perspective. It examines the development of cities from their ancient beginnings to the early part of the 21st century. With that foundation, students will gain an in-depth knowledge of challenges and opportunities facing urban centers around the world and be able to identify solutions for developing sustainable cities of the future.",""
"HAWN1100","An introduction to written and spoken Hawaiian, as well as various aspects of traditional Hawaiian culture. This is the first semester of a two-semester sequence.",""
"HIST1002","This course engages students in the study of modern world history in order to achieve a more critical and integrated understanding of global societies and cultures during the past five hundred years. Students will explore developments in Africa, Asia, the Americas, and Europe; consider the interaction of the West and non-West and the eventual domination of the West after 1750; investigate the origins and outcomes of world war, revolution, and genocide in the 20th century; trace the disintegration of western empires after World War II; and ponder the global challenges of the post-Cold War era.",""
"HIST1401","This course provides a survey of American history while identifying and focusing upon particular themes which characterized the founding of the United States through the period of Reconstruction after the Civil War. Themes covered might include the evolution of American identity, politics and citizenship; Americans and the land; warfare and conflict in the shaping of America; inequality and dissent; or liberty and slavery. Students will explore the negotiation of values, beliefs, and cultural practices which was worked through during the early period of American history with a view to better understanding the foundations of modern, multicultural America.",""
"HIST1402","This course is an introduction to United States history from the end of the Civil War to the present. This course will explore major themes in American history, emphasizing the people, events, and antecedents that have most influenced our world today. As part of the American Experience, we will examine topics such as the everyday lives of ordinary Americans; the rise of great cities and corporations; America’s response to depression and war; the problems of a post-industrial and post-Cold War age; and the impact of modern conditions of America’s traditions, values, and institutions.",""
"HIST1558","This cross-disciplinary course focuses on aspects of the history of the Hawaiian Islands from the arrival of Captain Cook in 1778. It includes interdisciplinary perspectives from history, museum studies, and preservation studies. In addition, the course includes experiential learning in the form of, for example, historic site visits and/or service learning. Instructors may focus on different time periods such as the monarchy era, the territorial period, and from statehood to the present. Instructors may also take different approaches including perspectives from political, social, cultural, military, or diplomatic history.",""
"HIST3225","This course examines the relationship between ideas, culture, and politics in eighteenth-century France. Students will read works by major Enlightenment thinkers and become familiar with the events and diverse historical interpretations of the French Revolution.",""
"HIST6602","A course that introduces the disciplines of military and diplomatic history. It looks at the various methodological approaches that military and diplomatic historians have used in the field of military and diplomatic history and extensively surveys some of the major historiographical schools of thought in military and diplomatic history. Included are discussions of traditional ""battle studies"" as well as the ""new"" military history that views military history in its broader context of war and society, major debates in diplomatic history, as well as methodological issues.",""
"HIST6663","A seminar that examines diplomacy and foreign relations in the East Asian political arena. Topics vary but may include such issues as the Chinese tradition of tributary relationships, the role of militarism in Japanese diplomacy, and the impact of Western imperialism on Asian politics. Contemporary diplomatic challenges in the region will also be explored.",""
"HTM3210","An analysis of the principal operating problems and procedures as they relate to the various types of food and beverage operations ranging from fast food to gourmet facilities. Factors to be addressed include: delivery systems, cost controls, menu planning, inventory analysis, ethnic cuisine and service, and sanitation standards.",""
"HTM3220","A course that focuses both on the theory and practice of management skills that a special events planner should possess. Assisted by the instructor and guest speakers, students have the opportunity to apply their knowledge in a real world situation. This course presents a systemic method of planning, organizing, monitoring, adjusting, and evaluating activities to achieve the objectives. A comprehensive business plan will be developed during the course.",""
"HUM1270","What is gender? Why does it matter? How has it shaped the institutions that organize our lives? This course is an introduction to the key issues, questions, and debates in the interdisciplinary field of gender and women’s studies, with particular emphasis on the ways women’s experiences and identities in America are shaped by race, class, ethnicity, and sexual orientation. This course is intended to serve as a foundation for upper-division courses in gender and women’s studies.",""
"INTR3000","An examination of the international political system focusing on relating theoretical approaches for analyzing the behavior of state and non-state actors in the international system. This course explores fundamental concepts like power, anarchy, sovereignty, etc. and connects these to current topics and issues in international society including (but not limited to) international conflict and cooperation, globalization, international law and human rights, arms control and disarmament, terrorism, politics of the global commons, failed states and intervention, and the effects of ideology on international affairs.",""
"INTR3375","This course examines non-violent resistance movements utilized in the US and around the world, including civil resistance, civil disobedience, protests, boycotts, and unarmed revolutions. Students will learn how groups utilize various non-violent techniques and why some of these groups meet their goals while others face violent repression.",""
"INTR3400","An analysis of the changing patterns of Asian international relations and the factors that determine national behaviors of Asian countries. Relations will be examined from multiple perspectives, from both security and conflict to economic interdependence, institutions, alliance, and the role of non-state actors. The course may cover all of East, Southeast and South Asia or focus on only one or two of these regions of Asia.",""
"INTR6500","This seminar is the course for graduate students who are interested in the international relations of Asia. The goal of this course is to analyze the changing patterns of Asian international relations and the factors that determine national behaviors of Asian countries. International relations of Asia will be examined from multiple perspectives, from both security and conflict to economic interdependence, institutions, alliance, and the role of non-state actors. The course will cover not only Asian countries such as East, Central, Southeast and South Asian countries, but also the countries that significantly affect international relations of Asia.",""
"JPE1200","An introduction to written and spoken Japanese, as well as Japanese Culture. This is the second semester of a two-semester sequence.",""
"JPE2200","Conversation, reading, grammar, and Japanese culture. This is the second semester of a two-semester sequence.",""
"JPE3200","Advanced conversation and Japanese culture, stressing the ability to understand extended conversations and to develop fluency in conversational Japanese on a variety of topics.",""
"KOR1200","An introduction to written and spoken contemporary Korean, as well as Korean culture. This is the second semester of a two-semester sequence.",""
"MARS3002","An introduction to biological oceanography and marine biology. This course surveys the vast biodiversity of the oceans from marine viruses and bacteria to invertebrates, fishes, marine reptiles, mammals, and seabirds. Topics include spatial and temporal patterns of productivity, food webs, energetics, ecology and evolution, and anthropogenic impacts on planktonic and benthic organisms and ecosystems.",""
"MARS3003","Laboratory and field component of MARS 3002. Students will learn how to sample phytoplankton and zooplankton in the field and to identify and quantify local plankton species in the lab. They will learn how to identify local coastal marine species from a diversity of phyla and will be trained in contemporary field survey methods to quantify species in a variety of nearshore habitats. Students will learn how to keep good field and lab notebooks, and how to graph, analyze, interpret, and describe their data in a format consistent with the primary literature of the field.",""
"MARS3100","This course provides an overview of the legal framework within which marine management and conservation efforts must function. The complex mosaic of legal authorities will be examined, with relevant examples from local, state, federal and international levels. Topics include coastal management, living marine resources, ocean and coastal pollution from land based sources, marine protected areas, bioprospecting, artificial reefs, and marine operations.",""
"MARS3201","This is the second of a two-course sequence to train students in scientific diving based on guidelines from the American Academy of Underwater Sciences (AAUS). The course will build on the theoretical training from the first course and expand on AAUS training standards including in-water training, refining basic SCUBA skills, developing dive rescue skills, conducting emergency responses, expanding Open Water skills and task loading, Nitrox diving, and methods in data collection. Upon successfully completing all requirements of this two-course sequence, students will earn a Scientific diving Certification under the auspices of the AAUS.",""
"MARS4030","This is a survey course of marine mammal biology. The course covers phylogeny, anatomy, physiology, ecology, and behavior of marine mammals.",""
"MARS4060","Geological, geophysical, and geochemical principles applied to the oceans. Topics include: origin, structure, composition, and evolution of the earth; morphology of ocean basins and continental margins; plate tectonics; marine sedimentology and stratigraphy; sea level changes; and paleoceanography.",""
"MARS4090","A survey of biological oceanography with an emphasis on the interactions of organisms with their physical and geochemical environment. Pelagic organisms spanning scales from the microbial loop to fisheries will be examined using energy flow, genetics, and models, with an emphasis on past and present global changes.",""
"MARS6030","This is a survey course of marine mammal biology. This course covers phylogeny, anatomy, physiology, ecology and behavior of marine mammals.",""
"MARS6060","Survey of phylogeny, anatomy, physiology, behavior and ecology of seabirds and their role in marine ecosystems, with an emphasis on North Pacific species. Hands-on activities in the laboratory, field work and guest lectures by resource managers will augment the course lectures. Students will complete an independent project using observations collected during the course activities.",""
"MARS6090","This course provides students with an in-depth survey of marine systems from a biological perspective, emphasizing the interactions of organisms with the physical and chemical environment and biogeochemical variability and introducing key organisms and their functions (using energy flow, genetics, and models) from microbial loop to fisheries, with an emphasis on past and present global change issues.",""
"MARS6910","Current topics seminars are designed to expose graduate students to new developments and discoveries in marine science by taking advantage of seminars and other educational opportunities inside and outside HPU. While this flexible structure may vary with instructor and topic, most will be structured as seminar courses. Students will be assigned readings in the current literature of the course topic and required to critique the readings and relate the materials to their own research or the instructor’s area of expertise. Repeatable up to 4 credits",""
"MATH1101","An introductory course in the study of linear and elementary quadratic equations, designed to help students develop critical thinking skills in the area of mathematics. The course emphasizes the importance of algebraic principles, applications and problem solving. Students may enroll concurrently in MATH 1102. The default grade mode for this class is for a letter grade; however, students may elect to take this class on a Credit/No Credit basis upon consultation with the instructor and an academic advisor.",""
"MATH1106","A mathematics lab to be taken concurrently with MATH 1105, the course provides supplementary individual and small group instruction and supervised practice with intermediate algebra skills to help students succeed in MATH 1105. Repeatable for up to 2 credits.","MATH 1105"
"MATH1127","The course will focus on Enhancing Algebra Skills and Mathematical Reasoning Skills: Thus topics to be covered include arithmetic of real numbers, algebra rules of real numbers, writing and simplifying algebraic expressions, linear equations and inequalities, algebra of polynomial expressions, algebra of rational expressions, solving radical equations, positive and negative exponents, understanding recursive definitions, sentential and first order logic, mathematical induction, universal instantiation for the substitution of a term for a variable in a universally quantified rule, factoring methods, asymptotes and graphing, algebra of sets and interval notation.",""
"MATH3307","A course in ordinary differential equations utilizing concepts and techniques from Calculus I and II and linear algebra. Emphasis is on solution to higher-order linear equations. First order topics include: separation of variables, exact equations, integrating factors, and homogenous and non-homogenous systems with applications to networks. Higher order topics include: a detailed study of solutions to second order linear equations by reduction of order, variation of parameters, and series solutions; linear independence of solutions, the Wronskian, general solution to linear homogenous and non-homogenous equations, and linear equations with constant coefficients and the Laplace transform method.",""
"MATH3320","To provide students with a solid background in set theory and to develop mathematical sophistication in general, this is a course in which covers ZF (Zermelo Frankel axioms) and ZFC (ZF + the axiom of choice), DeMorgan’'s laws, Power Sets, Set Algebra, Zorn’s lemma and other equivalent versions of AC, equivalence relations, well orderings and partial orderings, bijections, Russell’s paradox, cofinality, mathematical induction, transfinite induction, ordinals and cardinals, ordinal and cardinal arithmetic, the continuum hypothesis, and the constructible universe.",""
"MATH3600","This course presents the mathematics of data science methods to promote effective and efficient application as well as innovation in the field. Topics include the bias-variance trade-off, singular value decomposition, principal component analysis and its application to Google's page rank algorithm, gradient descent, support vector machines, kernels, and neural networks. Additional topics may include metric spaces and K-nearest neighbors, information theory. A programming language such as Python, together with relevant Data Science libraries, like TensorFlow, will be used.",""
"MATH4471","Topics for this course include systems of first order linear equations, qualitative theory (existence, uniqueness, stability, and periodicity), boundary value problems, and Sturm-Liouville theory.",""
"MC3300","This course looks at applications of social media in mass communication and teaches the fundamentals of writing, design, layout, and production for a variety of social media products. Students produce a variety of publications while learning electronic typography, graphic design, computer imaging layout, and studio preparation. The course will also examine social media’s effect on privacy as part of the digital age.",""
"MC3700","This course brings to light the creative process as it lives in the mass communication industry. Creativity will be explored through major theories and modern research in the field of creativity; through case studies of creative individuals, organizations, and campaigns; and through play with creative elements of expression such as music, art, theatre, story, design, dance, and photography. At the end of this course students will have a foundation of ideation, creative strategy, and creative execution techniques.",""
"MC3720","A course on audience behavior that discusses various techniques for profiling target audiences and analyzing decision-making strategies and uses and gratification behaviors. The course explores demographics, psychographics, Values and Lifestyles System, PRISM, and high- and low-involvement decisions. It provides insight essential to advertising, journalism, marketing, and public relations campaign planning.",""
"MGMT6331","This course provides the students with the knowledge of cross-national differences in management and organization and their effects on multinational enterprises. In comparing management practice around the world, the course covers topics such as national cultures, national political economics, and management of multinational corporations.",""
"MGMT6900","This course examines firm performance, as well as strategy formulation and implementation issues from a general manager’s viewpoint. In studying firm strategy, the course introduces analytical tools used to 1) position a business in relation to competition, 2) conduct external and analyses, and 3) compete in international markets.",""
"MKTG3110","This course examines the fundamental techniques and methods of analysis used to successfully examine product/service potential, consumer sentiment, market saturation, or segmentation. Students present results in a professional manner that will support strategic planning initiatives.",""
"MKTG3520","Principles of selling and salesmanship. Selling techniques, the social psychological principles of persuasion, and pertinent facets of interpersonal communication are analyzed. Instruction includes lectures, discussions, and the application of relevant principles and techniques.",""
"MKTG4400","A basic “marketing for managers” course, providing for discussion and solution of problems and current issues involving product strategy, pricing, distribution, promotion, and marketing research from a management viewpoint. Emphasis is on social and economic responsibilities for the marketing function.",""
"MULT1050","This course introduces still photography, videography, and nonlinear digital editing to beginners or those seeking to improve their production and editing skills. Instruction provides students with the technical knowhow and context necessary to set up a production shoot, operate an HDSLR camera in still and video modalities, record sound, and edit with digital, nonlinear software. Students will create original intellectual property and build digital portfolio material. The use and purpose of the static and moving image, composition, color, lighting and proxemics will be explored through in-class instruction and home-based experimentation.",""
"MULT2060","This course explores the history of the media, the technology, regulations, programming, ratings, the international scene, sales and advertising, and the audience and its effects.",""
"MULT2460","In this course, students learn graphic design principles and desktop publishing concepts and skills and design materials for their portfolio efforts, including advertisements, letterheads, logos, brochures, flyers, newsletters, posters, and pamphlets. Students receive instruction on the use of Adobe InDesign, Photoshop, and Illustrator software, and other pertinent programs to complete class projects. Principles of good design (emphasis, sequence, proportion, balance, and unity) will be taught as well as principles for the use of typography, color, photography, etc., in publishing.",""
"MULT3475","Lecture-lab combined course exploring theories of design and providing a basic introduction to the production and publication of multimedia web content. Students will incorporate theory, interface design, and advertising consideration to create projects ready for web publication.",""
"MULT3500","This course covers the fundamentals of cinematography. Students will meticulously review the functions of the single-lens reflect still camera and the digital video camera. By the end of this course, students will understand the cornerstones of photography and cinematography. Students will address the quality and manipulation of light, shadow, color, and composition while working with various cameras and attendant technology. Students will be able to artistically manipulate the camera’s capabilities and lighting to create images which achieve course and student creative goals.",""
"MULT3651","An introduction to the many types of computer game design. This course reviews the design and theory behind classic games such as Tetris and Space Invaders and genre creators such as SimCity and Civilization, as well as modern techniques behind sophisticated games such as Quake, Grand Theft Auto, and Red Dead Redemption. Students get hands-on experience designing 2-D games in JavaScript/HTML5 and 3-D games in systems such as the Unreal Engines. Course also briefly covers interactive narrative text adventures, mobile games, and game artificial intelligence.",""
"MULT3770","This course examines 3D asset creation, animation, and rendering using relevant software. The pervasive impact of 3D animation technology can be found in contemporary films, television shows, scientific simulations, video games, and across disciplines and industries. Students who take this class will learn how to create characters, environments, and props which they will bring to life through various animation strategies and techniques.",""
"MULT3775","This course will explore advanced 3D Asset Creation, animation, and rendering. Particle simulation, shape animation, lip synchronization, and multilayer material creation will add greater depth, realism, and quality to the execution of 3D animations and 3D characters. Students will learn techniques and workflows that will prepare them for real world professional practice.",""
"MULT4590","Feature Film Screenwriting introduces long form narrative screenwriting for the cinema. Students in this course will study narrative design and screenwriting techniques. The course is project-oriented, and the final deliverable is a feature-length narrative screenplay. The course explores story structure, synopsis, step-outline, treatment writing, character development, characterization, plot strategy, narrative theory, screenplay format, building scenes, genre analysis, subplot, dialogue, future-building, and other screenwriting techniques and conventions. Participants will engage in a rigorous process of close textual analysis of their own and other screenplays. The course encourages the screenwriter to write about things they know and care passionately about.",""
"MUS2101","A course that deals with a wide variety of musical traditions from around the world, including ""classical,"" ""folk,"" and ""popular."" Students learn to differentiate between different types of music and often have the opportunity in hands-on sessions to play instruments from around the world such as the Chinese Luogu (percussion ensemble).",""
"MUS2400","Music Theory I is the study of music notation, the basic principles of part-writing (voice leading chord progression), and music form and analysis. Students will develop skill in note and chord recognition, scales, intervals, and melodies. Integral to the course are the development of skills in music reading, ear-training, sight-singing, and melodic and harmonic dictation. A required course for students enrolled in the Music Minor curriculum.",""
"MUS3020","MUS 3020 Vocal Pedagogy is a survey of the study of the human voice and its expressive potential through readings, listening, analyses, observations, and student-guided voice lessons. The course will cover important vocal concepts such as anatomy, alignment, respiration, phonation, resonance, acoustics, vocal health and disorders, changing voice, aging voice, and each issue’s corresponding pedagogy.",""
"PADM6300","This course studies statistical and quantitative tools and concepts as applied in public administration. Topics include: probability theory, descriptive statistics, statistical inference, regression analysis, decision theory, linear models, linear programming, network analysis, and simulation. It emphasizes practical aspects of applying such methods, appropriately interpreting the results of these statistical analysis tools, and gaining a meaningful understanding of how statistical analysis can be used to solve public administration problems. Use of computer tools for carrying out statistical analysis (SAS or SPSS) is also a major emphasis.",""
"PADM6500","This course introduces the primary concepts and methods of economics as they apply to decision making problems within various organizational settings such as a non-profit organization or a government agency. It covers the basics of both microeconomics and macroeconomics. In microeconomics, the focus is on learning economic analysis tools and developing economic way-of-thinking skills. In macroeconomics, the focus is on analyzing the process of decision making in a macroeconomic context. Throughout the course, students will learn that knowledge of economics and methodology of economic analysis leads to practical, informed, and sound decisions.",""
"PH2020","An overview of normal human anatomy and physiology by body system; the impacts of internal or external factors that can lead to disease, injury, or disability; and the role of public health interventions to prevent and mitigate negative health outcomes.",""
"PH2060","This course will compare and contrast the provision, funding, and governance of healthcare programs across a variety of healthcare systems around the world. Students will examine the advantages and disadvantages of the different major healthcare systems such as national health services, social insurance, and private insurance. Primary care, curative medicine, and chronic care will also be explored. This course will study healthcare systems from several countries (e.g., United States, Australia, Singapore, Germany, Japan, Netherlands, Taiwan, Britain, New Zealand, Sweden, Canada, Russia, Korea, India, Nigeria, Mexico, and the Philippines).",""
"PH3030","Students will learn the theories and models commonly used by researchers to unravel the complex web of factors that influence how people think, decide, and behave in terms of their health and quality of life. The implications of these theories are then used by public health professionals to develop effective programs designed to promote health and prevent disease or disability wherever we live, learn, work, and play. During this course, students will plan and evaluate their own intervention programs that they will implement in real-world public settings.",""
"PH3050","An overview of the burdens of disease and their underlying determinants in a worldwide context with a focus on the actions that may be taken to achieve universal health equity. Topics include large scale concepts such as health and human rights as well as specific health issues such as high-burden infectious diseases and maternal and child health.",""
"PH3090","This course examines theory and promotes practice in communication issues and skills needed for the successful public health professional. Students in this course explore, practice, and produce different public health communications: a) scientific and professional written communication; b) social marketing and the use of social media; c) graphic displays of qualitative, descriptive, and continuous data; and d) oral communication for a variety of public health audiences. Various communication theories, as they apply to public health issues and audiences, will be explored with special attention to cultural competency and health literacy among diverse communities.",""
"PH3999","This course will focus on different special topics in public health depending on current issues, faculty expertise, and perceived interest in topics among undergraduate public health students. All topics will include content on related historical, political economic, and sociodemographic factors through the lens of scientific inquiry, public health theory, public health workforce, infrastructure, resources, and responses.",""
"PHIL3200","An examination of the development of philosophical thought in the Western world from ancient Greece and Rome through Medieval and Renaissance Europe. The modern period of Renaissance Europe, the Rationalists, Empiricists, Kant, Hegel, and other nineteenth-century thinkers are also examined.",""
"PHIL3651","An examination of ethical issues in the resolution of conflicts between individual and societal needs and wants and environmental well-being.",""
"PHYS1020","A study of the planets, stars, galaxies, and their origins. Students will also learn how telescopes, stellar spectra, and other methods of astronomical observation are used in research. Topics include the planets and their moons, the sun, galaxies, black holes, pulsars, and the life history of a star. No laboratory.",""
"PHYS2032","A continuation of PHYS 2030. Includes electricity and magnetism, optics, and topics in modern physics.",""
"PHYS2033","Laboratory component of PHYS 2032.",""
"PHYS2052","This course is a continuation of PHYS 2050 covering electricity and magnetism, optics, and topics in modern physics.",""
"PHYS2053","Laboratory component of PHYS 2052.",""
"PSCI3000","A survey of contemporary political thought to include philosophic and popularized treatments of communism, anarchism, and democratic theory (e.g., conservatism and liberalism). The relationship between political theory and both political institutions and political behavior is emphasized.",""
"PSCI3415","A survey of state and local government and politics. The course includes units on: constitutions and charters; executives, legislatures, and judiciaries; parties and pressure groups; elections; styles of local and state politics; urban problems and the response of state and local government thereto; and the dynamics of federalism.",""
"PSCI3997","This course is an examination of selected topics in political science for upper-level undergraduates. Students will learn a special subfield, research methods, or a variety of issues currently explored by political scientists. This course can be repeated if the topic is different.",""
"PSY1000","An introductory course in psychology, covering the major processes underlying human behavior, cognition, and emotion. Specific units covered include: consciousness, sensation and perception, thought and language, human development, personality, social psychology, abnormal psychology, and the realization of human potential.",""
"PSY1100","An introductory course that teaches quantitative methods used in psychology along with psychological findings about how people think about probabilistic information. The course integrates techniques, strategies, and methods of critical thinking designed to compensate for systematic psychological errors. Specific topics include: descriptive and inferential statistics and human judgment and decision making.",""
"PSY3100","A survey of the psychology processes in learning and cognition. This includes coverage of perception, attention, associative conditioning and other forms of learning, memory, language, creativity, reasoning, problem solving, and decision making. Students perform experiments to understand the methods of inferring these processes.",""
"PSY3170","A survey of theories, models, and research on the psychological aspects of human emotion. Will present social, cognitive, behavioral, and biological perspectives. Will explore how current understandings of human emotions and motivations apply to areas such as achievement, health, relationships, addictions, and creativity.",""
"PSY3245","Issues and methods in the use of small groups to promote personal growth, therapeutic interaction, and social change. Group formation, maintenance, and termination; group dynamics; and roles/skills appropriate to group leadership and membership.",""
"PSY3300","An exploration of major theoretical paradigms as they are used to understand topics in social psychology, including social perception, attribution of causality, the self, emotions, attraction, prejudice and discrimination, attitude change, al-truism, aggression, social influence, exchange and strategy, and physical well-being.",""
"PSY3340","Explores the biological, neurological, psychological, sociological, and historical bases of human sexuality; sexual development and reproduction; and the issues and challenges related to sexuality in a contemporary society. Maintaining objectivity within the context of personal value systems is also addressed.",""
"SOC2600","Peace Studies provides students with an introduction to the dynamics of conflict and peace at the personal, local, national, and international levels. The course surveys interdisciplinary research that analyzes the causes of violence, war, and peace in the contemporary world.",""
"SPAN2200","Conversation, reading, grammar, and introduction to Spanish culture. This is the second semester of a two-semester sequence.",""
"STSS6668","This seminar familiarizes students with the challenges of counterterrorism and counterintelligence operations. The course focuses on both U.S. and foreign aspects of counterterrorism and counterintelligence, including their history and evolution, the principles and processes of each discipline, and the theory and processes associated with threat analysis. Students will learn about counterterrorism and counterintelligence operations in the past, present, and future. Students will consider historical case studies of counterterrorism and counterintelligence operations and read and discuss major theorists and the observations of leading policy experts and practitioners.",""
"SUST6310","The study of how advances to the global tourism industry impacts on local cultures, eco-systems and livelihoods. Case studies are presented to assess relationships between natural resources and tourism industries, challenges to sustaining cultural identities and the integrity of tourism destinations, and the current and future value of cultural, natural and social capital to guide investment in tourism destinations.",""
"SUST6320","The course explores urban sustainability from an historical, social, and environmental perspective. It examines the development of cities from their ancient beginnings to the early part of the 21st century. With that foundation, students will gain an in-depth knowledge of challenges and opportunities facing urban centers around the world and be able to identity solutions for developing sustainable cities of the future.",""
"SUST6330","Industrial Ecology and Sustainability is the systematic study of the global, regional, and local material and energy flows of industrial production systems as they interact with the environment and human communities. Ecological science concepts are used to redesign the primary features of the modern production system, including: energy consumption, renewable and non-renewable materials consumption, pollutant effluents, cost externalization, and solid waste generation. Analytical tools covered are: life cycle assessment, materials flow analyses, waste flow analyses, environmental performance metrics, and design for environment tools.",""
"SWRK3005","This course examines theory and research knowledge about political economic and societal structures and process related to communities, groups, and organizations within contemporary society. Consideration is given to ways in which these social systems have significant social, political, economic, and psychological impacts on the functioning of individuals, families, and social group. The course provides a framework for understanding the influences of medium-to-large social systems on individuals, families, and groups with whom social workers practice. There is a focus on oppression, discrimination, prejudice, and privilege and their relationship to social and economic justice for populations served by social workers.",""
"SWRK3570","This course involves an exploration of the development of social welfare programs. It includes content about the history of social work; the history and current structure of social welfare services; and the role of policy in service delivery, social work practice, and the attainment of individual and social well-being. Students will understand and demonstrate social policy skills in regard to economic, political, and organizational system.",""
"SWRK3900","This course focuses on the development and integration of the knowledge, values, and skills needed for a successful fourth year practicum experience in social work. Students will explore roles in various aspects of social work practice, network with area professionals, and engage in service learning at a social agency. Development of professional identity will be facilitated through exploration of ethics, professional writing, simulation experiences, and reflection. This course includes a lab portion for each class where students will practice skills and apply knowledge and values. Knowledge in this course is utilized in SWRK 4900 and 4910 courses.",""
"THEA2000","Students earn one or two credits by participating in one or more aspects of the current stage production which includes acting (only if they audition and are cast), production crew members, box office, publicity, lighting, costumes, props, etc. To earn two credits, a student must put in a minimum of 30 hours. To earn one credit, a student must put in a minimum of 15 hours. Repeatable for up to 4 credits.",""
"WRI1050","This course introduces students to college-level writing. It provides instruction in essay development, and the writing process, including brainstorming, drafting, revising, and editing. Students must earn a grade of C- or higher to move on to WRI 1100.",""
"WRI1250","WRI 1250, like 1200, focuses on how to develop arguments on topics that can be understood only after seeking and carefully reading information from a variety of sources. This class is designed as an alternative to WRI 1200 for those students with a particular interest in examining, researching, and writing about the arts (e.g., literature, painting, dance, music, drama, and film, among others). It provides an excellent foundation for the upper-division Research and Writing in the Humanities (HUM 3900) as well as other 3000-level research classes. Note: credit may not be earned for both WRI 1200 and WRI 1250.",""
"WRI3340","WRI 3340 is a creative writing workshop focusing on how to apply literary techniques to nonfiction writing. The class is conducted in workshop format, with students revising their essays in response to feedback. Students also analyze the techniques of professional creative nonfiction, keep a reflective journal, and prepare a portfolio.",""
"WRI3420","A writing workshop course in which students learn how to write effective and apt proposals for research, professional and community grants and pitch deck and investment proposals including the effective and ethical assistance of artificial intelligence. Students will learn how to research funding opportunities, determine evaluative criteria, and draft multimodal grant and/or business proposals that meet industry standards and maximize the potential for funding.",""
